Study Hours,Attendance,Marks
6.24,72.71,60.14
14.31,76.3,100.0
11.25,93.45,100.0
9.38,70.3,76.19
3.18,94.13,68.55
3.18,58.97,45.05
1.81,89.96,54.47
13.13,93.14,100.0
9.42,63.18,82.53
10.91,74.37,95.66
1.29,62.45,39.34
14.58,86.8,100.0
12.65,79.09,100.0
3.97,83.59,64.37
3.55,63.84,47.96
3.57,64.53,50.11
5.26,56.87,53.36
8.35,69.49,74.19
7.05,80.19,71.88
5.08,93.61,74.53
9.57,85.01,96.89
2.95,74.59,57.92
5.09,97.89,68.11
6.13,87.37,80.77
7.38,96.86,83.76
11.99,78.74,100.0
3.8,66.65,47.77
8.2,57.38,70.39
9.29,87.67,91.87
1.65,60.46,31.06
9.51,68.62,84.88
3.39,78.96,63.15
1.91,80.4,48.88
14.28,82.03,100.0
14.52,62.48,100.0
12.32,72.09,100.0
5.26,82.77,56.62
2.37,98.64,73.25
10.58,87.74,100.0
7.16,96.52,82.65
2.71,89.3,48.33
7.93,81.63,81.92
1.48,63.64,32.01
13.73,85.0,100.0
4.62,83.05,66.7
10.28,82.11,87.73
5.36,77.04,70.94
8.28,78.79,84.83
8.65,70.05,83.17
3.59,78.37,57.17
14.57,63.89,97.74
11.85,91.23,100.0
14.15,63.36,100.0
13.53,58.82,90.1
9.37,74.63,90.93
13.91,84.62,100.0
2.24,74.7,48.34
3.74,67.45,63.24
1.63,80.12,48.68
5.55,70.62,61.18
6.44,96.98,77.54
4.8,96.52,80.44
12.6,77.61,97.91
5.99,69.75,68.53
4.93,88.17,65.96
8.6,56.65,69.01
2.97,76.36,58.2
12.23,70.13,94.32
2.04,96.42,56.41
14.82,55.54,100.0
11.81,79.88,100.0
3.78,88.33,66.3
1.08,76.83,40.53
12.42,58.84,88.95
10.9,98.76,100.0
11.21,78.31,96.79
11.8,82.64,95.37
2.04,65.65,46.62
6.02,76.76,68.9
2.62,74.31,41.69
13.08,58.37,89.96
9.73,59.78,76.0
5.63,92.69,74.14
1.89,65.79,51.79
5.35,63.77,59.85
5.55,77.72,62.42
11.21,89.59,100.0
9.93,57.79,76.76
13.42,80.96,100.0
7.61,60.36,71.14
2.67,56.64,47.74
10.99,57.37,83.49
11.65,92.54,100.0
8.86,60.31,78.98
11.79,57.03,83.95
7.91,74.71,87.97
8.32,92.98,89.72
6.99,66.81,64.16
1.36,73.98,52.03
2.51,56.8,51.34
1.44,75.21,44.64
9.91,80.99,87.53
5.4,80.69,66.49
8.12,69.96,79.15
13.71,69.2,100.0
4.49,59.8,55.2
6.75,71.51,69.99
11.58,59.48,95.12
4.2,89.5,64.2
2.08,98.48,64.78
5.06,98.65,73.17
3.26,93.93,65.4
14.02,82.04,100.0
12.31,86.54,100.0
9.87,67.83,81.37
13.2,83.38,100.0
12.25,75.5,95.34
3.61,76.69,52.7
13.5,89.1,100.0
8.55,67.69,81.49
12.3,69.31,84.25
13.55,96.61,100.0
5.45,57.53,46.97
2.54,76.85,46.38
4.19,96.08,53.3
6.98,82.47,75.45
12.45,79.59,96.35
13.05,66.24,98.67
1.1,70.45,32.58
8.15,93.34,87.84
6.84,80.16,72.23
4.11,78.16,67.14
2.68,59.48,50.19
5.73,55.72,60.42
14.2,98.37,100.0
5.52,71.96,73.53
8.26,82.14,74.62
10.84,58.59,76.49
6.09,85.74,72.91
14.6,96.97,100.0
14.47,80.9,100.0
4.52,60.68,52.05
7.96,81.18,73.19
5.21,89.49,75.53
4.99,73.29,66.35
1.52,94.59,58.82
9.53,84.19,86.62
8.04,95.47,84.39
1.72,83.06,43.67
4.9,60.91,55.38
13.72,68.94,97.64
4.35,64.08,47.92
3.03,95.9,60.97
7.85,89.22,81.42
14.8,85.44,100.0
4.39,68.54,58.55
10.41,63.28,84.09
11.66,89.04,100.0
4.33,76.34,60.72
11.2,65.16,83.6
6.15,82.75,72.65
9.85,56.82,78.42
9.87,69.68,76.67
8.5,76.09,85.53
2.26,61.66,37.74
12.69,99.31,100.0
5.49,64.41,65.48
3.61,60.87,53.12
1.57,64.16,40.11
9.27,89.61,89.35
10.49,74.15,94.24
1.23,80.44,49.76
8.17,55.95,65.73
4.17,56.55,45.15
10.03,75.06,77.33
3.44,91.75,63.85
10.67,94.84,100.0
6.41,58.9,67.2
14.11,79.23,100.0
2.93,96.1,69.35
5.77,72.46,61.62
2.59,92.33,64.8
13.95,61.02,97.59
13.28,97.09,100.0
4.61,88.81,60.17
10.24,97.36,100.0
12.44,85.45,95.01
8.77,71.35,78.2
8.42,97.22,92.89
4.39,67.4,53.03
2.3,69.95,41.24
13.56,86.54,100.0
13.61,89.44,100.0
9.86,96.82,95.28
5.75,64.22,61.05
5.89,90.91,88.08
11.16,88.23,100.0
13.56,57.87,100.0
13.42,72.43,100.0
11.92,67.72,94.29
9.99,68.7,72.31
2.18,99.23,57.11
3.26,83.92,55.87
13.58,87.3,100.0
9.49,98.95,91.14
1.13,71.97,31.73
2.42,91.08,57.45
10.29,74.55,92.82
1.07,94.13,57.95
3.25,63.13,49.9
8.68,97.65,87.42
10.69,64.84,76.19
10.13,69.68,76.69
4.14,89.03,58.87
10.97,72.72,86.77
4.32,82.37,61.99
5.56,75.01,60.21
11.45,88.41,100.0
10.09,65.27,81.95
12.89,57.63,93.31
10.21,68.5,90.98
8.96,76.34,77.05
2.31,62.56,44.93
6.15,70.97,66.15
4.71,73.0,58.4
4.42,57.58,55.3
14.62,81.25,100.0
6.5,94.8,75.18
13.49,61.83,97.45
9.84,81.9,91.54
12.13,84.91,100.0
8.04,73.87,80.04
9.08,86.55,90.06
7.9,73.48,85.38
3.73,77.71,49.87
11.11,55.33,82.62
4.93,86.13,63.18
1.34,84.76,52.1
10.04,56.73,70.46
3.48,71.57,54.91
14.17,99.06,100.0
14.36,73.93,100.0
13.81,77.59,100.0
6.18,95.95,76.56
1.22,87.28,55.14
14.0,81.19,100.0
6.99,90.9,83.56
14.53,93.9,100.0
14.49,75.56,100.0
12.94,76.38,100.0
5.12,72.37,64.13
6.39,98.5,78.49
12.92,86.37,100.0
5.44,58.75,48.96
3.37,93.83,68.41
8.8,76.63,80.36
14.11,58.09,100.0
10.74,79.74,88.41
8.98,73.77,83.97
2.36,94.5,55.24
9.61,64.18,79.43
14.86,92.19,100.0
2.96,80.1,58.81
8.26,57.46,69.9
13.28,98.73,100.0
11.37,78.07,100.0
10.76,68.09,96.57
10.83,76.12,95.85
6.03,93.6,73.2
5.11,68.72,59.34
12.33,63.67,90.77
12.34,60.81,98.43
13.14,68.4,100.0
13.79,90.1,100.0
8.16,76.22,76.55
8.02,65.24,78.33
12.18,62.48,100.0
10.1,69.97,93.13
10.83,97.3,100.0
12.14,70.44,94.66
13.46,99.47,100.0
5.73,76.84,68.56
6.26,63.06,62.81
2.32,95.1,59.83
9.1,75.72,83.61
1.5,86.94,44.35
7.52,99.27,90.01
8.6,57.26,74.78
5.01,59.35,58.15
9.27,87.42,94.8
1.43,67.68,44.0
1.52,63.29,37.21
12.52,56.77,90.61
6.04,55.98,58.66
2.78,89.85,59.36
8.31,61.05,77.07
11.78,76.05,100.0
4.02,82.27,71.63
9.72,74.28,96.77
2.19,56.22,39.48
1.72,90.26,34.56
8.44,55.47,76.12
8.57,89.29,84.79
9.92,95.2,93.21
11.17,74.48,91.07
14.66,79.1,100.0
8.23,76.46,82.43
5.52,72.51,56.07
12.13,94.93,100.0
4.79,95.23,73.29
7.15,70.11,73.9
2.1,82.68,55.04
1.35,96.71,51.19
14.48,98.29,100.0
12.7,77.9,99.94
10.74,75.38,92.61
6.73,67.54,74.82
3.43,98.15,55.97
3.19,61.43,45.56
4.5,81.09,56.4
8.69,67.71,69.04
11.0,67.56,93.63
10.24,73.22,90.55
4.92,99.95,76.82
14.37,57.47,100.0
11.33,81.03,94.77
8.76,58.72,71.0
9.56,61.95,89.73
6.87,74.78,70.53
4.47,77.97,65.0
5.98,66.65,63.27
11.61,69.24,83.43
1.2,58.91,25.24
2.63,68.64,44.55
1.64,98.5,62.75
1.57,97.51,60.55
12.98,70.07,100.0
10.85,80.69,89.67
7.64,95.93,94.24
2.37,55.28,34.66
7.88,91.48,86.22
7.63,97.68,86.93
3.42,59.11,45.81
7.07,62.27,73.2
6.58,98.23,78.49
9.62,79.19,80.96
9.89,55.64,77.38
1.63,66.59,39.47
6.24,75.25,85.73
9.76,86.18,95.28
8.04,87.99,82.17
12.99,99.79,100.0
10.22,67.94,75.68
3.28,79.22,50.89
1.99,79.0,50.01
9.99,73.25,93.73
1.37,62.61,43.77
9.2,98.99,96.64
14.16,93.4,100.0
9.06,77.42,85.34
6.43,82.15,70.65
10.01,65.23,91.24
7.42,79.47,75.87
8.64,86.27,85.9
14.18,78.18,98.91
6.41,99.56,80.83
14.46,82.51,100.0
13.67,71.69,98.88
3.74,89.75,59.83
1.97,62.67,45.15
2.41,72.3,40.82
1.26,70.61,46.87
2.32,74.43,46.17
10.56,90.18,95.96
2.0,76.79,42.76
5.47,90.73,74.58
12.83,80.94,100.0
1.33,70.39,45.73
12.4,91.45,100.0
4.95,65.72,63.27
2.65,65.1,44.24
10.75,77.7,99.5
9.81,66.74,86.43
13.28,55.41,79.41
11.29,84.17,93.52
12.25,78.0,100.0
4.95,75.05,63.02
3.48,98.51,61.56
11.51,80.7,94.73
12.3,93.85,98.87
14.87,61.28,100.0
6.78,80.61,85.24
6.21,94.06,82.1
11.87,81.24,100.0
5.77,87.31,76.92
14.03,71.74,100.0
13.02,59.16,100.0
7.01,75.61,74.72
11.51,72.75,93.0
11.56,94.02,100.0
2.44,65.98,52.48
13.64,98.5,100.0
8.07,98.12,85.82
12.57,66.14,96.62
5.48,70.66,66.89
13.54,95.3,100.0
6.45,98.5,74.37
1.15,74.95,52.79
13.68,69.44,99.89
2.28,78.67,49.4
5.47,85.95,65.81
14.3,67.31,100.0
14.31,88.14,100.0
9.03,57.32,69.55
9.85,57.22,82.16
7.28,72.38,76.43
5.1,70.91,60.04
5.6,69.2,66.81
10.42,77.1,86.5
11.53,69.43,89.92
12.08,63.65,82.19
12.05,68.93,88.12
2.28,98.87,69.86
7.92,73.5,84.57
1.81,75.01,46.86
8.69,80.94,92.25
7.18,99.25,84.73
13.43,65.87,98.86
5.91,85.66,72.68
2.64,87.22,56.18
3.0,82.33,55.1
11.66,58.99,93.52
9.66,85.46,91.76
2.42,57.88,44.58
2.18,81.83,56.96
10.81,88.28,100.0
2.02,64.49,37.49
12.51,92.87,100.0
10.89,56.37,83.36
2.14,92.97,56.32
2.19,75.71,49.23
14.81,64.79,100.0
6.24,61.02,74.63
6.19,97.9,73.24
12.38,58.27,81.08
14.26,63.96,100.0
14.8,70.65,100.0
11.55,82.91,100.0
6.27,79.52,74.02
2.17,60.65,47.59
11.88,68.04,85.88
8.82,65.74,74.18
6.94,64.61,69.14
13.69,73.5,100.0
2.56,86.68,67.09
7.9,64.79,76.65
1.16,71.5,41.26
7.56,72.59,69.65
1.79,98.94,55.59
2.66,97.96,59.33
2.65,91.01,62.01
10.09,65.87,84.67
11.44,58.06,79.64
9.17,69.26,78.29
14.47,67.01,100.0
6.25,77.77,71.88
5.0,90.0,72.84
13.16,93.62,100.0
4.13,93.02,75.29
14.49,71.19,100.0
1.17,85.93,46.88
14.58,69.08,100.0
1.6,57.74,38.14
13.48,86.57,98.46
8.39,55.44,68.74
14.9,73.41,100.0
2.03,69.82,38.25
8.75,86.2,82.23
14.57,89.48,100.0
8.32,68.68,77.11
9.81,91.52,95.33
10.74,68.23,89.35
7.36,75.08,74.82
9.79,87.72,99.0
9.18,86.18,89.61
13.62,99.43,100.0
1.64,65.13,48.9
4.93,84.8,68.92
14.31,82.44,100.0
13.46,96.18,100.0
7.38,62.04,69.89
9.68,88.83,92.24
4.88,80.57,72.57
3.63,67.36,50.12
7.49,76.35,71.45
5.95,70.02,69.22
9.17,81.07,91.02
2.09,95.01,58.79
14.64,80.62,100.0
14.81,83.43,100.0
10.77,78.34,94.21
8.51,57.3,77.0
5.33,65.48,62.53
12.39,77.14,99.69
10.59,68.96,94.17
3.28,63.18,36.15
13.75,77.69,100.0
12.52,69.53,88.81
14.3,66.61,100.0
11.16,75.88,93.54
9.59,61.0,77.71
6.86,96.75,87.68
14.06,94.05,100.0
13.12,86.84,100.0
1.63,59.78,35.16
1.37,89.91,53.28
6.27,91.36,76.71
12.35,89.55,100.0
14.82,60.13,100.0
3.11,83.98,54.97
9.32,92.54,94.3
6.33,80.98,76.87
14.58,84.09,100.0
12.79,75.63,97.42
12.74,78.79,100.0
7.56,56.55,65.92
6.81,83.75,80.07
4.83,58.67,48.94
1.79,74.58,37.34
13.11,68.17,96.95
12.38,79.54,97.84
15.0,61.0,100.0
14.95,86.12,100.0
8.78,90.78,92.97
11.77,62.35,88.56
14.23,59.69,100.0
12.9,61.55,96.04
4.46,94.47,70.52
7.31,78.77,75.8
2.81,76.03,54.61
14.36,59.8,97.71
9.49,84.23,96.54
4.2,94.06,66.85
10.4,92.27,91.6
9.65,83.17,90.8
6.01,58.39,55.01
2.59,60.06,46.3
10.4,57.22,91.67
8.28,66.59,70.78
11.81,61.1,91.28
8.28,66.7,65.98
12.93,72.33,100.0
8.73,97.43,87.92
8.85,82.47,82.37
13.27,92.57,100.0
6.65,86.97,80.39
2.88,60.06,49.45
1.4,88.12,51.19
11.57,67.38,87.23
9.68,83.76,98.25
10.86,70.34,85.71
3.98,99.9,59.04
2.91,66.86,50.27
1.2,67.56,34.27
5.91,96.88,82.92
9.26,56.11,72.44
6.49,86.35,78.65
7.12,87.64,86.45
13.66,92.64,100.0
5.88,98.85,75.97
8.2,98.9,90.05
11.97,57.94,96.51
6.55,91.98,75.46
9.71,84.08,87.62
13.07,84.13,100.0
14.29,60.78,98.97
3.06,84.26,58.19
13.97,99.21,100.0
7.89,96.03,98.54
4.62,74.76,53.72
7.43,56.8,63.93
14.72,71.3,100.0
7.9,92.19,95.14
5.6,86.57,64.67
9.87,75.67,97.09
4.36,57.48,54.34
2.06,74.21,49.5
2.8,76.11,47.15
2.79,96.78,65.21
3.13,83.85,53.94
2.94,69.02,55.56
9.97,78.64,84.33
3.55,57.97,46.15
5.84,98.77,75.8
13.56,71.2,98.44
7.64,76.5,80.14
10.35,70.99,89.9
3.41,85.71,65.96
3.69,84.8,51.96
1.57,87.19,56.78
3.37,67.07,62.89
4.9,69.21,56.85
3.48,60.64,57.18
2.24,84.5,52.14
2.69,56.79,34.98
7.45,81.9,76.67
3.89,94.14,71.75
6.1,95.09,73.85
8.05,75.21,74.84
10.67,75.67,94.13
1.55,58.46,37.0
12.19,85.18,100.0
9.79,91.96,96.12
2.14,66.01,46.13
13.23,73.96,100.0
13.89,92.75,100.0
1.86,94.47,51.87
4.88,65.94,63.8
12.29,79.78,98.15
11.48,63.66,94.85
3.58,59.58,46.54
3.93,96.0,68.66
6.19,91.92,74.42
7.78,89.2,78.44
9.66,57.19,68.15
6.16,92.97,72.03
7.48,74.71,73.11
11.46,70.41,93.59
1.51,79.59,52.42
4.53,59.11,50.0
10.99,89.05,95.05
13.53,81.21,100.0
8.16,63.4,74.92
8.45,63.47,80.9
2.5,63.29,50.48
7.26,57.57,68.65
8.46,81.45,86.2
4.39,92.82,76.87
4.77,55.79,53.4
6.28,57.21,63.24
1.28,80.77,45.19
5.51,91.88,66.67
3.96,69.7,51.23
5.58,70.73,63.25
2.68,81.84,54.61
13.47,67.34,100.0
9.31,56.2,75.06
10.51,88.09,100.0
12.05,83.15,99.64
7.98,81.13,78.9
2.22,88.38,48.63
8.52,85.39,81.58
9.22,64.26,80.85
11.44,70.86,92.65
7.04,60.67,70.27
2.79,60.84,45.26
4.97,85.43,65.82
6.08,93.64,87.98
10.04,98.32,98.91
8.99,83.28,92.41
5.99,63.28,59.56
14.81,59.75,100.0
9.48,91.58,97.83
4.32,81.04,63.17
2.42,82.82,41.76
3.14,90.17,60.87
4.44,86.65,71.69
3.25,92.55,65.16
3.61,57.53,49.05
4.99,88.64,60.66
3.43,93.29,60.18
13.55,67.88,100.0
2.12,83.82,54.58
8.34,69.14,82.36
6.75,98.11,82.06
14.75,56.5,100.0
2.57,81.09,53.47
6.57,62.49,59.16
14.57,87.05,100.0
13.12,62.92,99.2
12.44,65.59,95.86
4.61,77.25,58.59
3.39,96.17,56.95
10.36,64.53,87.22
14.01,61.49,99.47
8.79,89.15,91.33
9.0,77.53,93.1
4.92,96.03,61.91
11.77,61.6,86.17
3.62,84.07,59.08
5.53,65.48,67.67
6.96,62.05,57.63
8.11,85.75,93.09
4.39,81.72,63.51
2.61,88.97,57.04
9.55,68.93,81.22
5.04,75.16,60.6
9.14,73.25,87.55
3.16,99.28,60.1
7.74,68.15,74.48
8.46,68.27,74.49
1.73,70.95,40.29
5.71,80.41,81.7
2.88,66.35,49.68
1.89,96.19,60.6
14.86,66.96,100.0
5.51,95.31,68.11
12.34,59.66,100.0
4.56,84.55,52.55
10.54,95.81,96.77
11.64,62.59,87.22
9.34,98.57,98.89
7.6,75.38,76.79
6.77,97.56,81.77
5.88,85.46,72.09
14.01,68.57,99.46
12.63,63.47,87.39
14.51,68.67,100.0
2.74,59.19,46.76
11.23,61.47,94.82
14.14,59.71,96.59
3.54,74.03,58.17
1.93,90.8,53.64
11.38,61.36,93.51
9.04,60.86,80.76
12.79,83.95,100.0
2.96,63.87,45.02
12.13,59.39,95.17
3.82,62.51,53.6
3.29,96.57,61.32
3.3,91.97,55.84
12.4,70.93,96.04
10.31,84.51,100.0
8.32,79.18,86.94
6.02,85.47,67.29
13.28,85.72,100.0
6.49,83.29,80.49
12.43,66.97,89.97
7.15,56.76,66.66
6.28,75.5,66.06
7.48,95.09,93.02
5.22,80.63,62.56
11.47,92.46,100.0
8.04,99.62,90.93
4.25,62.36,53.7
13.59,86.13,100.0
6.37,85.34,63.53
8.61,99.1,91.49
13.69,99.35,100.0
9.74,85.9,86.02
2.64,65.96,40.72
14.16,90.94,100.0
9.79,59.82,81.66
5.69,90.13,72.82
2.95,95.96,66.63
12.12,72.23,90.82
9.68,83.38,88.31
8.47,74.36,87.76
13.51,74.7,100.0
12.04,68.97,95.32
3.12,89.3,71.79
5.36,97.13,68.39
4.48,97.33,75.04
11.42,62.87,96.83
1.47,94.36,52.9
8.98,88.18,93.28
11.67,66.38,86.65
13.27,58.03,91.95
5.79,67.06,64.4
12.5,96.05,100.0
2.55,83.49,60.1
12.85,87.45,100.0
2.78,66.57,46.87
6.56,87.37,82.46
12.16,56.27,87.23
3.1,71.89,55.95
4.21,83.2,63.69
11.11,61.57,88.57
11.08,92.04,100.0
9.98,65.58,74.65
10.72,84.35,90.13
8.6,73.23,80.12
4.53,81.82,55.1
5.84,59.84,63.27
3.54,55.76,49.95
13.72,95.93,100.0
9.17,67.13,73.8
6.61,91.89,85.9
7.47,99.97,97.51
14.26,64.51,100.0
3.15,66.93,51.75
9.21,84.83,89.46
8.08,98.45,92.29
9.56,96.21,95.31
1.25,77.63,44.91
13.21,90.78,100.0
14.05,61.11,100.0
8.91,98.98,87.05
10.75,98.4,100.0
13.91,62.37,94.86
10.9,68.47,96.7
3.14,59.51,42.49
9.07,67.23,71.74
9.49,91.72,96.52
6.94,72.02,79.42
11.31,58.98,89.36
14.08,70.4,100.0
13.96,99.16,100.0
7.31,83.34,85.3
2.59,73.73,45.42
14.79,62.49,100.0
12.74,99.38,100.0
2.75,91.94,53.86
13.89,67.67,100.0
13.18,58.15,100.0
8.26,57.55,72.93
9.28,60.42,79.82
6.59,81.13,74.23
1.77,96.79,59.85
5.69,77.35,63.14
12.24,92.93,100.0
1.06,75.06,43.82
5.67,86.89,73.18
6.57,87.93,78.44
8.52,62.83,73.34
13.88,71.25,100.0
5.85,83.68,86.87
5.86,58.18,62.91
11.33,71.27,94.33
7.33,79.07,75.02
4.14,99.83,68.38
7.33,76.35,74.19
2.97,91.72,62.19
3.47,74.44,45.17
7.98,90.84,77.46
6.86,81.79,72.04
13.81,94.9,100.0
6.07,73.49,65.92
9.13,82.19,94.13
9.85,83.35,83.52
1.18,73.78,39.05
10.29,61.49,89.8
3.49,59.21,47.72
14.45,55.75,100.0
3.08,94.31,72.82
6.8,65.64,63.38
2.19,64.52,42.74
14.96,88.12,100.0
8.03,69.4,65.08
9.34,77.77,84.01
1.94,62.31,45.26
11.5,98.19,100.0
3.94,93.32,69.45
13.57,93.87,100.0
3.87,73.3,52.73
3.67,89.31,69.35
1.51,61.47,35.81
7.61,55.39,67.21
8.91,55.9,73.3
1.92,81.4,57.61
11.86,75.49,100.0
7.35,78.31,69.41
8.34,55.34,63.44
7.17,74.02,75.76
6.61,87.31,76.39
8.83,74.92,79.36
3.17,87.95,64.92
3.55,65.49,51.42
13.06,91.59,100.0
14.25,81.48,100.0
6.23,64.48,61.5
4.79,65.65,64.62
10.02,83.26,87.77
6.72,92.35,83.07
1.36,73.7,50.8
3.19,66.62,42.36
11.02,94.02,100.0
10.22,85.12,99.39
1.38,75.16,50.26
4.11,76.96,58.16
4.24,64.19,49.6
10.41,83.21,98.42
1.28,71.14,47.87
2.46,99.8,56.37
12.2,76.61,93.28
3.5,76.86,57.06
10.14,80.46,94.07
4.33,96.25,68.3
2.39,91.04,60.88
4.4,75.3,56.12
11.11,87.34,88.66
12.98,81.38,100.0
12.62,77.16,100.0
6.56,63.65,63.25
10.35,75.88,83.91
3.87,66.06,43.3
5.1,96.17,71.03
13.55,70.09,100.0
1.18,97.85,61.12
2.2,78.99,56.42
3.91,83.42,57.18
1.37,79.43,40.8
3.54,60.82,50.59
9.16,71.91,84.94
6.9,59.46,66.23
13.5,83.03,98.93
12.44,75.11,95.44
5.79,90.01,73.78
4.63,64.92,58.06
6.32,62.41,66.62
9.26,73.28,83.68
4.75,96.7,73.77
9.74,86.97,92.6
6.73,73.85,74.01
8.73,78.28,84.35
7.11,58.79,65.25
5.12,99.31,73.92
14.28,84.99,100.0
11.69,67.84,94.8
2.96,81.36,56.83
13.16,59.93,97.66
7.82,98.46,95.07
13.52,62.87,100.0
12.2,84.16,99.83
6.95,66.05,72.21
1.31,87.29,43.39
4.76,89.96,63.38
8.58,85.3,87.25
9.87,82.65,93.25
4.61,95.16,64.41
2.95,58.54,42.11
12.69,69.89,95.36
14.78,66.17,100.0
8.36,99.46,96.25
3.4,72.52,56.81
4.81,87.97,67.95
1.26,85.81,46.46
13.8,64.54,94.52
2.65,65.75,53.22
9.07,67.66,82.15
4.84,73.5,57.4
8.76,65.54,80.16
10.12,55.88,78.19
12.62,94.57,100.0
3.89,98.45,70.85
1.15,70.37,37.25
2.92,70.23,47.98
13.6,55.32,96.27
13.23,85.61,100.0
9.36,92.14,96.24
9.41,61.6,87.18
10.31,62.18,78.87
3.46,90.55,54.23
13.8,82.73,100.0
6.86,57.02,62.07
6.36,83.01,70.01
8.26,68.9,76.81
1.66,71.59,44.75
3.33,89.64,53.44
11.33,91.49,93.33
2.16,73.02,48.78
9.44,97.62,96.71
4.43,73.29,56.69
6.45,89.73,68.83
5.04,76.77,65.95
5.98,95.39,83.95
11.07,95.85,100.0
5.16,58.93,51.03
8.93,97.14,93.44
7.66,92.15,77.57
10.29,90.61,100.0
14.12,64.04,100.0
11.26,91.23,93.05
4.01,93.26,65.17
1.44,68.01,43.51
4.67,97.85,70.62
9.33,57.24,73.9
1.72,61.75,33.35
7.95,79.19,82.17
9.36,80.91,83.99
5.68,84.03,59.63
11.79,55.76,84.99
2.49,98.22,66.48
2.05,57.01,36.83
11.19,61.44,95.38
7.94,55.63,69.64
10.64,80.51,95.14
7.09,96.95,83.27
4.45,84.97,64.39
12.47,92.02,100.0
12.19,55.6,87.25
10.73,79.39,95.98
4.81,75.68,57.21
9.26,77.45,79.66
6.05,58.25,53.78
2.28,85.8,64.54
13.84,77.64,100.0
2.92,89.43,60.82
14.3,76.84,100.0
7.24,61.72,70.2
3.59,84.17,59.46
8.59,62.76,75.38
13.22,94.26,100.0
11.25,82.59,98.35
12.29,62.07,90.38
10.22,98.31,96.44
10.69,78.33,96.29
12.89,58.28,85.9
4.5,83.21,66.9
7.85,66.39,75.88
4.1,91.17,61.67
14.83,91.8,100.0
14.22,99.05,100.0
1.55,77.58,47.96
10.88,75.47,91.36
13.95,88.91,100.0
3.53,60.96,56.94
8.95,79.61,82.02
13.82,79.58,100.0
1.48,59.03,41.02
10.76,73.81,99.14
5.16,93.4,74.48
13.94,93.53,100.0
14.59,59.47,100.0
14.22,59.08,95.05
7.64,66.82,74.82
13.07,94.36,100.0
12.82,60.8,93.02
5.47,87.4,66.02
12.6,59.55,93.43
1.52,83.04,47.28
9.35,71.02,83.13
4.22,90.5,66.46
2.69,65.52,41.26
2.08,83.76,55.4
10.75,65.61,86.3
5.76,87.11,67.41
11.15,94.32,100.0
1.91,60.71,42.31
5.41,94.0,73.3
8.55,81.71,90.7
12.07,60.72,99.92
5.46,74.24,63.71
9.76,62.24,81.67
13.4,86.52,100.0
9.62,89.15,91.95
4.26,59.76,50.19
1.34,77.78,46.52
13.18,91.66,100.0
1.3,97.13,57.85
13.25,78.11,100.0
8.41,97.76,84.85
14.15,79.11,100.0
12.18,72.74,94.55
14.97,93.17,100.0
5.91,77.18,73.4
11.74,76.24,91.01
6.63,77.06,69.88
7.72,93.11,89.91
9.79,92.44,93.64
13.23,73.16,100.0
14.78,70.0,100.0
11.76,77.14,98.63
6.85,80.77,73.49
6.9,65.73,70.69
11.33,90.73,94.27
4.34,76.89,58.34
2.55,70.03,49.23
5.96,59.81,62.4
5.02,65.75,65.45
5.15,97.72,72.65
4.27,68.73,63.11
1.59,62.6,35.95
1.25,75.73,50.76
14.83,68.82,100.0
6.99,56.58,58.67
6.38,69.54,68.21
10.52,79.48,92.06
4.06,79.83,63.32
14.3,71.05,100.0
12.01,75.13,96.07
2.25,98.45,67.33
6.85,71.98,69.73
13.31,66.62,100.0
14.23,65.96,100.0
7.54,75.6,83.85
9.59,89.18,89.14
3.34,64.27,45.76
14.88,86.92,100.0
4.24,55.95,46.97
14.2,73.85,100.0
10.1,89.91,99.89
9.51,70.24,81.89
8.18,80.37,72.01
4.23,64.22,53.16
3.47,88.39,62.06
4.09,57.35,54.95
3.61,93.36,72.68
11.91,63.92,88.11
5.9,94.35,80.69
1.81,70.86,48.31
14.57,87.52,100.0
13.37,69.37,100.0
13.99,95.77,100.0
14.93,60.7,100.0
3.43,63.03,42.91
6.55,77.19,70.32
11.62,58.69,92.32
10.74,63.82,87.16
3.15,97.47,70.25
12.42,98.94,100.0
4.14,71.93,50.19
4.13,96.55,56.34
8.52,79.52,83.09
9.3,67.14,79.01
9.12,86.61,84.03
2.28,84.65,45.23
13.28,99.51,100.0
4.72,66.93,56.08
2.81,85.24,60.02
13.44,57.34,96.83
14.38,60.11,100.0
13.07,55.18,87.76
12.33,99.98,100.0
10.17,91.1,96.65
8.71,90.4,92.23
2.22,77.94,47.88
6.72,68.5,73.2
6.22,61.81,63.47
4.64,67.81,53.69
11.13,71.92,91.54
7.94,89.03,83.03
2.13,79.28,52.76
4.08,58.49,43.76
10.57,55.81,80.59
2.07,59.6,42.11
12.92,73.47,100.0
7.93,96.99,94.89
7.73,83.68,84.35
9.29,91.08,91.97
12.55,75.99,100.0
5.87,71.27,66.46
10.49,59.88,84.42
8.92,94.42,82.68
4.74,90.24,67.31
13.3,62.57,90.36
12.16,78.05,100.0
10.22,76.93,89.25
12.91,83.13,100.0
13.14,97.58,100.0
10.92,81.09,97.24
12.72,79.31,97.6
10.76,57.26,82.1
10.52,57.83,79.85
9.66,63.43,71.3
11.54,56.46,82.47
3.22,88.45,59.41
13.33,87.55,100.0
13.21,61.12,89.18
1.41,92.62,59.12
12.56,61.97,93.28
2.8,68.55,48.49
5.69,66.2,63.56
11.41,71.75,88.98
3.25,66.46,51.76
12.45,77.0,98.92
12.65,73.33,95.43
8.1,99.4,93.09
1.09,57.52,41.66
5.02,61.4,59.42
9.64,57.38,81.49
14.74,83.16,100.0
9.85,57.45,69.97
4.64,92.64,76.96
9.88,78.04,98.67
8.56,78.72,89.87
11.92,80.27,98.05
2.5,62.69,38.06
11.65,63.9,84.89
8.58,69.35,69.14
14.48,81.71,100.0
5.79,64.46,69.19
9.86,60.23,78.69
14.05,98.66,100.0
2.44,55.99,47.05
14.12,91.12,100.0
10.63,90.46,100.0
1.95,68.37,53.9
5.21,61.1,55.96
10.91,61.55,82.46
1.94,86.38,56.39
9.15,83.93,85.98
5.84,90.22,68.54
9.69,97.19,100.0
1.64,86.14,57.35
13.2,62.01,97.79
14.63,65.95,99.81
14.56,92.9,100.0
11.5,64.42,90.22
2.82,58.26,40.74
11.62,86.65,99.7
1.34,73.11,48.39
1.31,96.4,58.42
5.53,84.26,76.67
7.84,59.07,63.79
11.79,97.65,100.0
10.57,66.64,89.94
7.24,70.17,73.54
4.83,73.1,68.37
14.96,57.31,100.0
6.97,77.34,82.74
7.32,60.55,69.57
3.29,73.04,58.29
12.13,70.78,94.41
10.71,89.78,98.52
4.09,91.14,70.58
2.15,61.9,49.78
10.53,71.49,92.03
10.16,71.8,86.3
4.83,61.81,61.92
14.31,90.93,100.0
3.11,86.83,51.88
7.05,63.57,70.46
14.21,71.5,100.0
6.88,59.76,67.29
9.94,83.27,91.65
6.57,60.46,65.92
4.84,99.37,69.81
14.78,90.13,100.0
6.73,72.56,74.91
13.52,81.04,100.0
4.22,96.01,79.17
3.98,79.93,61.11
1.44,62.85,39.98
10.12,72.04,79.02
6.16,92.94,74.61
13.1,83.99,100.0
7.62,84.28,85.52
14.55,94.01,100.0
3.6,95.23,69.58
13.16,96.39,100.0
11.87,59.27,88.11
11.79,79.49,99.95
12.83,88.32,100.0
11.65,89.06,100.0
9.77,82.3,81.46
2.84,62.51,44.2
1.46,90.88,50.32
13.89,87.41,100.0
9.63,58.88,79.69
12.15,75.87,100.0
7.74,62.83,71.28
2.64,70.19,53.28
2.75,55.81,44.55
10.6,73.01,88.02
7.02,79.74,72.68
3.81,82.88,62.04
7.88,84.86,84.71
1.9,92.63,62.8
9.15,64.7,84.04
4.77,60.42,51.33
12.17,93.32,100.0
5.35,62.05,61.1
7.37,98.86,91.64
1.16,92.91,56.97
2.01,77.54,48.52
6.49,99.16,75.79
7.72,59.38,63.29
9.4,68.64,82.68
5.08,83.72,68.99
10.73,70.75,83.53
13.04,96.78,100.0
11.92,57.95,91.72
1.55,79.72,41.88
7.73,81.59,84.95
2.47,84.37,52.64
4.39,66.5,61.48
14.81,71.41,100.0
2.99,92.97,56.32
7.98,63.77,69.52
9.65,92.21,93.9
10.83,80.32,92.39
8.84,89.3,87.74
1.14,87.11,50.91
5.57,64.34,59.17
8.25,80.6,81.21
2.23,94.05,49.63
5.91,74.45,68.72
1.46,98.5,56.13
2.1,75.35,56.23
6.56,61.43,58.8
2.86,72.52,41.51
8.95,97.83,96.73
10.65,69.39,89.69
12.21,94.06,100.0
3.8,94.66,58.69
3.34,70.76,59.79
2.46,58.75,48.76
9.91,87.61,80.92
10.89,69.02,86.67
1.44,90.23,60.65
14.11,74.92,100.0
1.73,76.84,44.6
8.58,90.01,86.48
10.93,72.21,85.13
13.19,74.94,94.91
11.0,71.93,96.21
12.22,71.53,87.67
5.75,78.67,69.33
12.41,91.4,100.0
2.12,71.28,38.99
13.53,78.59,100.0
8.67,85.18,91.99
12.44,67.12,98.44
7.33,67.49,67.32
10.01,97.0,100.0
8.37,87.56,91.66
11.24,80.97,98.04
2.14,84.15,48.29
1.84,56.32,35.32
4.46,82.81,65.14
3.23,77.93,54.19
13.2,79.56,100.0
4.07,71.17,48.28
14.66,58.67,95.17
5.72,63.7,61.34
3.55,97.78,64.18
12.06,73.39,93.84
10.22,76.0,80.27
7.97,57.37,68.66
8.78,56.69,71.96
11.07,87.27,100.0
4.2,79.21,60.94
14.95,77.89,100.0
14.65,65.94,100.0
10.1,88.51,88.22
3.79,62.57,52.94
10.52,63.55,76.03
2.01,75.73,43.73
1.43,67.88,35.02
4.61,66.14,60.02
7.48,84.04,79.07
13.16,84.29,100.0
11.18,92.1,96.42
11.4,73.8,92.39
6.96,58.29,60.11
5.84,67.31,64.79
6.19,99.1,75.57
14.83,81.83,100.0
1.56,86.94,42.9
13.14,55.33,89.33
9.1,78.32,93.05
7.14,56.69,61.87
11.15,80.62,89.5
7.81,96.43,88.38
13.23,98.58,100.0
13.61,79.32,100.0
6.9,75.62,66.85
4.88,97.53,86.98
9.29,85.31,87.86
13.77,57.92,88.2
3.95,75.96,65.19
9.72,65.81,84.57
9.84,76.14,83.45
11.26,75.5,89.4
2.84,81.2,58.18
11.02,71.05,89.4
13.73,62.39,90.2
3.52,77.67,65.35
4.33,92.36,65.64
14.6,84.88,100.0
3.53,70.23,59.17
12.96,97.1,100.0
7.89,96.05,92.65
4.46,64.42,51.26
13.19,56.77,85.01
7.23,88.36,78.23
8.21,92.24,89.15
6.03,98.55,77.11
9.3,95.04,92.49
3.29,82.02,63.18
6.48,78.85,72.33
14.57,56.25,96.77
4.61,66.1,59.63
10.19,75.68,89.8
5.55,83.28,56.8
11.83,80.08,100.0
2.83,88.42,60.33
14.58,67.59,100.0
7.35,80.42,81.44
4.3,58.97,47.64
2.03,73.61,48.63
3.38,88.76,53.43
8.28,86.2,86.52
5.72,99.58,88.14
12.6,67.51,91.8
7.03,77.42,70.07
4.48,69.83,53.77
9.64,74.83,86.26
10.89,93.56,95.94
3.34,85.79,61.69
3.35,94.71,68.32
1.51,64.16,42.32
11.31,94.3,94.86
10.29,57.69,85.29
7.64,94.99,90.4
12.82,69.81,100.0
12.28,69.16,97.84
9.19,78.04,86.1
13.16,97.33,100.0
3.88,57.15,57.6
2.57,70.85,43.49
4.78,93.55,76.05
1.8,72.82,44.98
8.44,63.96,73.51
14.11,74.12,99.94
1.55,72.35,42.51
2.71,96.19,56.66
7.33,89.29,78.98
14.07,77.73,100.0
5.43,99.48,74.62
8.1,75.94,76.44
1.58,57.62,37.2
3.08,66.8,40.71
14.81,74.62,100.0
14.51,62.06,100.0
1.07,97.64,50.18
14.33,89.51,100.0
9.95,67.07,84.4
13.15,81.59,100.0
7.37,87.47,87.62
8.22,97.36,88.22
7.84,94.67,83.68
10.34,78.18,95.13
2.96,89.86,62.25
1.42,80.3,46.31
5.31,79.87,73.45
10.87,60.16,83.35
3.83,60.68,49.63
10.43,78.83,91.66
14.58,67.1,100.0
2.31,55.95,39.93
10.42,87.53,100.0
7.21,56.46,66.52
13.15,81.79,100.0
3.48,79.26,56.22
10.7,98.6,100.0
12.73,76.79,100.0
14.22,57.86,100.0
10.57,79.83,91.08
7.96,92.85,87.85
9.65,99.86,100.0
13.16,74.37,97.97
8.99,69.41,80.49
1.43,95.8,44.22
14.03,63.61,100.0
10.65,82.69,97.92
10.47,73.26,92.72
4.02,56.85,46.55
10.22,70.63,87.98
6.51,66.94,73.16
10.12,85.87,100.0
2.49,97.7,61.16
10.21,67.06,85.28
14.99,91.52,100.0
1.67,57.49,29.62
14.68,79.22,100.0
6.7,58.17,69.25
13.19,97.03,100.0
11.95,89.49,100.0
8.94,84.61,79.47
11.34,92.08,100.0
13.3,84.14,100.0
6.66,98.6,84.25
5.58,87.13,67.41
10.35,96.61,94.91
12.31,78.27,90.36
11.67,60.27,94.6
12.17,78.77,98.23
7.1,60.71,66.63
12.45,81.66,100.0
2.68,76.71,46.43
8.62,83.02,78.33
1.08,55.45,28.1
5.54,63.77,55.99
6.13,77.11,71.04
6.55,97.77,77.64
10.74,72.26,98.55
6.44,74.1,74.38
7.28,87.16,84.03
4.33,82.17,62.12
6.23,68.45,72.92
4.18,73.49,56.56
2.02,64.8,42.37
9.45,98.47,97.33
10.35,60.88,85.72
9.67,71.73,87.42
7.49,56.16,63.15
6.32,64.98,61.41
13.09,90.12,100.0
8.27,64.05,76.94
7.71,58.6,65.88
1.36,76.35,37.03
5.78,55.45,55.58
6.32,58.81,64.14
6.58,91.34,87.62
9.12,89.72,84.48
8.47,96.18,88.31
9.51,93.45,92.33
11.71,85.74,100.0
12.38,57.35,90.41
11.05,90.23,95.85
14.38,93.05,100.0
1.26,90.96,49.73
3.74,77.88,51.52
1.11,65.48,33.81
10.06,93.04,100.0
13.57,87.72,100.0
4.41,99.13,72.15
13.98,62.01,99.65
1.84,65.15,43.26
14.08,64.53,100.0
5.92,90.66,76.41
2.42,63.41,44.38
7.8,58.0,72.35
4.59,99.94,73.06
4.99,56.12,48.11
5.3,92.59,69.74
12.24,71.44,87.04
8.55,92.87,99.31
5.36,79.96,71.08
9.54,95.57,91.36
11.03,96.68,100.0
4.82,55.41,48.6
6.79,58.39,70.86
2.71,66.27,39.57
3.54,85.12,60.81
10.54,94.97,99.62
3.54,75.7,59.68
8.35,82.31,82.4
10.93,63.48,77.58
2.5,91.22,56.84
8.94,98.53,89.12
4.59,67.09,56.9
14.48,77.27,100.0
7.77,58.88,59.59
12.28,80.16,97.5
8.7,77.63,79.57
1.61,61.5,36.88
9.86,74.89,90.47
14.32,70.03,100.0
9.42,78.48,88.43
12.47,81.35,99.89
13.38,55.38,95.74
4.19,89.25,69.48
3.97,87.09,59.72
9.55,71.48,87.42
6.75,57.38,62.72
12.76,88.97,100.0
13.6,97.98,100.0
5.95,65.81,64.55
4.32,69.56,56.16
11.93,63.27,90.79
4.85,80.96,66.01
12.52,61.97,96.25
6.93,71.03,63.93
10.35,86.37,100.0
2.34,80.21,42.49
9.73,72.39,81.44
7.32,73.91,73.11
9.21,80.29,88.27
3.35,55.26,52.27
11.32,58.53,76.56
13.08,94.66,100.0
4.03,58.5,38.79
2.34,86.81,55.26
1.33,96.4,56.21
9.99,67.18,91.48
9.5,71.67,83.94
8.65,80.6,88.79
4.25,94.68,71.49
6.47,97.39,78.88
9.32,88.28,83.71
7.95,58.9,70.6
14.83,85.11,100.0
2.91,73.46,57.76
10.73,76.18,90.94
6.66,57.21,67.88
6.99,63.6,64.37
11.05,90.57,100.0
10.69,75.43,92.23
14.88,68.57,100.0
2.8,72.28,47.96
2.46,93.45,60.97
11.14,88.7,95.43
9.1,67.25,73.07
4.84,60.29,60.55
2.11,66.34,47.37
2.2,96.43,59.54
13.52,81.17,100.0
3.69,79.01,56.6
5.53,81.84,75.17
4.17,71.47,57.48
5.97,91.32,70.39
1.97,78.55,58.37
8.27,60.25,76.41
1.95,60.81,39.53
12.2,79.16,100.0
4.27,97.15,67.91
8.56,68.88,81.38
13.32,94.13,100.0
10.11,89.38,90.15
8.46,66.15,80.28
5.54,56.64,54.77
5.66,59.58,59.14
10.37,87.78,89.02
14.92,63.99,100.0
10.27,71.71,93.13
8.81,77.58,81.83
11.23,87.65,97.95
7.51,60.1,72.76
1.84,73.29,55.77
8.87,76.83,87.54
14.41,79.34,100.0
3.45,91.83,58.57
10.66,62.73,80.57
3.81,91.35,58.8
8.5,86.18,87.81
2.35,80.01,52.65
7.31,86.48,79.01
11.59,73.54,98.75
5.87,61.23,66.11
10.31,84.96,86.4
12.14,78.61,97.0
13.98,83.77,100.0
4.28,70.21,54.19
6.59,95.81,76.87
3.13,81.43,61.48
14.89,58.84,97.45
13.98,75.24,100.0
8.56,89.04,88.96
12.79,90.74,100.0
8.29,77.26,84.01
9.73,95.26,93.44
2.25,67.05,51.8
11.57,73.48,93.98
2.79,95.44,65.01
12.56,95.33,100.0
11.95,85.86,99.53
10.92,93.65,91.17
1.51,58.99,38.83
5.24,93.92,73.54
4.68,69.43,60.91
6.04,63.02,60.59
2.23,65.77,41.87
14.12,73.81,100.0
8.75,66.3,69.56
5.28,69.43,64.77
6.56,61.07,60.45
7.26,68.33,68.79
9.41,80.75,85.83
8.22,74.88,74.52
13.87,70.6,100.0
7.96,88.59,91.04
14.89,95.21,100.0
12.92,89.06,100.0
3.92,69.94,49.63
14.03,88.5,100.0
2.63,61.84,54.85
12.44,60.86,90.75
6.33,70.55,65.04
13.29,91.35,100.0
13.15,66.09,96.36
12.28,57.85,76.61
12.06,60.93,92.79
5.27,93.64,68.92
2.13,83.52,44.37
6.64,66.39,70.17
3.43,79.99,51.73
10.73,78.74,91.32
5.85,84.49,78.81
14.66,65.49,98.99
9.97,93.9,89.15
12.51,68.92,98.38
2.86,86.24,63.14
13.07,55.73,85.33
13.92,71.77,100.0
7.82,70.83,77.41
9.49,79.46,76.87
11.71,58.27,91.67
3.45,90.56,66.9
8.04,64.8,71.02
6.58,85.47,81.9
3.05,91.14,66.5
6.15,80.28,71.39
1.95,88.34,51.68
1.36,84.78,44.33
2.89,71.0,49.77
14.48,91.4,100.0
8.69,68.26,75.98
14.52,80.7,100.0
7.05,88.54,85.89
5.37,72.05,63.8
8.09,68.62,72.84
7.15,75.67,77.89
2.48,91.81,65.92
9.97,96.85,84.27
4.02,79.53,62.06
9.67,84.77,83.62
10.1,95.65,100.0
3.13,59.43,46.0
1.86,65.44,45.19
11.93,86.9,100.0
7.44,92.07,73.85
1.81,93.57,53.6
14.93,73.68,100.0
1.81,59.02,43.63
10.73,74.7,85.14
14.77,65.38,100.0
4.35,68.1,52.56
2.99,89.75,61.65
2.7,58.4,40.15
5.25,92.24,73.26
2.41,74.25,53.66
10.69,81.82,88.23
1.87,59.03,35.48
8.13,70.18,76.67
14.95,59.04,100.0
12.4,98.27,100.0
9.61,91.33,100.0
5.29,75.68,74.3
9.73,65.06,80.72
8.38,97.01,88.9
6.97,70.51,66.62
2.83,62.24,44.93
13.41,80.34,100.0
7.3,97.47,84.84
3.72,55.17,53.69
6.15,65.72,60.55
6.8,97.23,81.4
12.59,62.7,85.77
11.27,60.1,88.27
11.77,80.66,100.0
1.15,93.78,52.98
6.83,76.47,71.28
7.74,99.76,87.11
1.27,85.56,51.63
4.64,58.33,52.21
11.64,99.68,100.0
2.92,73.36,52.35
8.49,67.93,82.06
4.01,80.1,63.5
1.17,68.69,41.16
4.38,58.89,58.92
14.66,55.06,100.0
12.22,75.23,100.0
14.43,92.66,100.0
7.83,80.75,70.32
2.54,99.96,69.19
8.67,67.91,77.99
7.36,67.62,70.36
12.82,62.19,96.61
2.37,62.38,41.33
7.84,67.83,74.23
3.1,90.68,57.88
5.55,95.76,81.98
11.32,98.88,100.0
7.66,65.45,69.13
6.26,94.66,74.02
6.52,69.77,68.84
7.43,60.08,68.14
11.99,94.15,100.0
13.49,83.62,100.0
14.37,62.41,95.07
12.02,74.34,100.0
5.42,67.93,68.46
10.63,88.16,92.12
7.13,75.4,81.28
4.57,99.52,74.01
12.77,57.46,92.56
1.54,70.98,41.19
13.62,76.69,99.54
7.46,77.64,81.06
9.92,69.22,80.33
10.23,87.82,91.16
13.53,94.36,100.0
9.91,97.24,88.77
9.6,91.23,85.97
1.93,93.28,56.21
8.26,79.77,82.64
3.1,92.16,64.02
11.32,68.66,89.44
8.17,72.93,89.97
10.52,69.26,86.11
1.58,76.03,44.78
2.19,67.85,40.88
11.03,98.27,100.0
2.01,69.08,47.66
2.0,59.41,45.71
1.17,78.71,37.75
14.39,57.57,99.51
11.33,59.97,88.85
5.95,64.87,65.1
5.15,75.9,63.74
5.9,74.5,69.44
11.85,90.99,100.0
10.26,88.28,100.0
3.59,74.18,60.02
3.44,70.02,45.47
2.38,69.24,41.13
10.24,89.83,90.9
11.7,57.34,90.57
4.71,55.58,44.92
1.29,90.8,50.21
2.15,76.47,51.26
14.55,60.89,100.0
5.14,65.6,59.78
11.77,96.96,100.0
9.75,93.68,98.54
6.35,86.94,72.14
3.88,76.7,56.13
2.7,78.41,53.89
9.61,98.89,98.01
11.84,98.46,100.0
10.01,64.69,78.66
8.42,91.5,86.37
1.59,63.88,39.89
14.56,64.61,98.22
12.18,85.42,100.0
5.1,73.23,64.05
14.72,96.92,100.0
9.43,59.01,82.42
9.15,78.02,91.13
11.47,96.33,99.31
12.36,95.69,100.0
10.19,62.04,81.26
2.79,71.5,51.81
5.74,82.86,67.63
13.99,62.17,100.0
4.14,98.56,72.03
6.21,96.16,75.06
7.05,62.51,60.68
7.15,60.45,58.68
9.58,58.84,78.27
14.2,95.92,100.0
4.37,63.71,56.96
2.7,73.73,49.78
3.76,75.2,50.64
13.42,81.96,100.0
10.04,58.23,85.08
5.0,65.2,55.19
12.42,96.92,100.0
13.06,95.88,100.0
12.85,90.16,100.0
13.86,55.87,94.97
4.53,69.72,62.75
11.57,83.26,100.0
7.45,67.38,68.45
12.79,95.93,100.0
11.2,83.53,95.0
11.87,58.24,81.37
10.19,95.91,94.6
3.48,98.1,67.46
8.63,58.5,74.03
14.79,78.96,100.0
14.12,68.65,100.0
1.6,72.68,49.03
3.31,63.08,48.4
2.84,81.01,58.24
11.16,98.11,96.0
12.45,77.64,81.45
3.99,58.73,50.73
8.08,82.9,74.74
12.77,70.31,97.94
11.26,93.52,100.0
8.59,74.56,88.17
9.26,63.68,80.16
8.12,63.6,73.21
5.17,89.59,74.81
8.91,66.95,79.87
10.64,89.53,95.7
13.23,64.26,100.0
9.91,69.48,78.73
11.66,75.95,97.87
3.24,97.44,57.19
7.46,96.93,86.79
1.13,64.31,38.77
4.45,71.12,66.21
11.17,61.72,78.89
14.89,77.95,100.0
2.39,75.73,53.92
6.62,95.53,82.55
12.2,96.85,100.0
3.86,72.26,50.63
8.77,77.13,79.47
11.26,95.33,100.0
9.62,91.3,93.51
3.63,55.16,47.62
5.98,69.4,64.0
11.97,73.98,90.94
8.76,65.34,81.13
1.07,63.98,39.87
11.65,56.7,98.15
1.49,83.95,44.37
11.44,66.81,94.72
3.83,57.36,41.29
14.41,65.39,100.0
6.15,91.09,81.18
5.58,93.32,64.18
3.08,76.74,52.77
5.28,73.72,60.44
13.27,99.0,100.0
14.95,64.03,100.0
6.16,64.69,68.73
7.28,68.13,69.8
11.11,62.77,87.96
13.41,72.07,100.0
9.3,95.99,94.52
6.48,82.69,68.31
6.78,73.54,76.19
10.74,97.05,100.0
1.05,57.18,35.79
9.67,64.46,76.57
5.98,80.46,67.82
12.12,82.7,100.0
2.3,56.78,32.23
9.23,73.14,74.3
7.73,84.21,77.77
9.99,86.41,95.78
1.91,83.72,48.13
9.12,69.43,75.22
8.86,59.21,69.83
8.85,74.22,79.08
9.45,60.79,75.87
10.47,97.64,100.0
12.27,76.38,100.0
4.78,69.28,63.65
12.55,89.48,100.0
7.98,77.41,73.59
2.08,68.95,38.76
1.82,91.54,49.33
5.68,94.02,82.08
11.99,85.29,99.85
10.91,57.11,76.84
12.04,80.48,98.29
8.24,89.35,84.69
7.16,61.14,67.73
3.06,65.29,49.22
5.59,94.71,71.19
7.08,55.91,66.76
2.24,88.87,52.44
4.09,76.32,57.82
9.38,75.1,87.86
11.3,55.32,80.95
14.98,91.87,100.0
14.06,71.19,100.0
10.0,79.33,85.36
6.9,85.48,75.3
9.91,86.62,95.62
12.0,98.02,100.0
2.66,78.91,55.77
6.74,72.99,72.55
12.76,97.92,100.0
6.37,83.89,68.45
9.01,68.42,79.82
9.23,60.69,76.34
3.58,92.91,65.98
6.07,71.3,66.59
5.68,84.72,72.67
1.37,76.19,43.37
1.34,63.95,38.96
12.64,82.08,98.12
4.82,57.73,51.38
8.25,73.6,85.02
5.18,79.6,67.3
14.17,74.62,100.0
4.63,88.69,76.98
7.02,92.26,74.4
13.22,89.71,100.0
12.79,56.75,100.0
3.61,63.74,50.12
12.24,79.15,99.55
7.41,97.07,79.61
7.76,92.57,87.33
2.87,92.91,63.52
2.13,68.64,39.49
11.19,74.33,92.42
7.95,76.18,76.17
7.12,62.08,67.9
11.21,56.4,78.67
11.72,97.61,100.0
3.22,65.83,53.62
9.54,65.8,78.8
2.89,58.75,42.77
11.52,96.78,100.0
10.2,81.09,87.64
14.39,85.02,100.0
1.97,96.02,56.49
1.8,70.55,52.33
4.95,82.97,70.97
4.66,56.75,56.37
4.46,63.4,55.84
13.69,92.41,100.0
4.49,89.5,67.01
4.81,70.78,64.28
11.63,71.96,87.84
7.3,79.01,79.17
11.87,55.01,98.49
1.92,65.86,47.81
7.83,64.37,78.39
1.47,66.27,41.58
1.88,91.27,59.86
13.69,67.59,98.65
2.95,63.62,50.54
8.45,77.69,84.39
6.76,93.95,82.2
5.86,65.86,68.82
13.6,58.53,94.56
1.31,71.04,41.11
10.29,88.64,96.26
14.49,79.78,100.0
8.84,91.76,91.22
14.12,98.18,100.0
1.73,90.67,59.23
6.86,82.17,75.63
4.64,77.2,59.21
11.23,56.8,80.39
14.74,99.29,100.0
4.59,72.26,62.53
10.16,61.85,84.46
3.77,85.0,57.84
8.91,67.79,74.24
7.5,81.36,81.44
14.61,81.4,100.0
9.52,75.06,85.43
5.89,92.63,76.4
2.6,66.92,48.01
3.12,75.19,57.47
4.15,79.2,54.06
4.51,84.86,55.44
12.91,90.28,100.0
8.86,72.77,89.68
8.33,84.07,93.78
2.61,61.78,53.08
13.04,96.97,100.0
11.12,72.24,82.81
1.95,87.83,41.94
10.91,55.92,79.44
8.61,64.23,74.17
2.14,76.92,55.68
7.42,94.52,88.68
7.79,78.73,79.43
3.32,96.84,60.58
14.24,76.77,100.0
12.9,77.07,100.0
10.37,60.39,85.51
7.47,91.12,84.88
6.76,66.11,61.71
10.11,95.48,100.0
8.64,95.99,93.3
1.87,97.45,52.73
8.18,78.41,76.16
12.29,85.47,100.0
7.43,90.03,80.99
1.73,60.9,47.03
12.01,82.04,100.0
3.82,56.54,44.93
4.62,77.39,61.75
3.31,61.97,47.83
5.62,63.23,56.09
11.59,71.43,89.12
8.27,74.46,82.09
3.87,83.04,65.09
13.29,58.35,98.64
13.31,77.67,100.0
13.19,63.22,94.84
4.34,80.83,70.5
7.32,83.68,73.92
14.79,80.05,100.0
11.81,88.22,94.35
1.38,70.1,39.72
1.91,89.43,51.76
7.5,74.47,77.34
13.73,76.79,100.0
8.54,84.16,78.83
7.97,55.83,65.8
2.48,84.43,52.74
10.19,82.84,83.51
12.51,68.94,92.11
6.33,58.86,57.21
11.86,59.09,96.01
14.5,96.55,100.0
3.85,86.02,65.58
8.33,60.72,64.5
5.02,71.05,66.6
12.1,81.66,100.0
9.09,92.6,81.74
9.88,56.96,74.38
12.17,65.65,96.16
6.54,95.04,83.46
13.81,55.41,93.37
8.46,64.06,72.82
3.21,98.16,62.15
10.74,82.6,95.57
12.11,66.78,99.9
5.43,58.01,52.33
13.0,56.27,98.14
13.69,66.01,97.53
4.88,94.67,67.48
14.77,73.72,100.0
2.97,87.42,63.17
3.83,96.32,71.56
3.58,73.36,48.0
13.52,63.61,97.05
10.16,78.27,94.05
3.13,95.86,63.79
7.16,91.2,76.05
9.61,57.96,79.34
2.17,86.17,50.35
13.35,80.74,100.0
12.25,95.84,100.0
8.07,60.51,73.64
14.54,79.03,100.0
6.85,94.58,81.86
14.78,73.45,100.0
10.35,76.69,97.49
9.89,58.17,79.74
3.32,67.52,49.1
13.35,69.6,93.01
6.98,97.53,83.27
3.27,67.72,54.33
1.18,75.74,48.48
8.84,85.21,89.31
8.38,62.3,70.36
11.07,76.89,83.92
13.46,88.23,100.0
2.11,94.01,56.04
11.24,83.18,96.23
3.62,85.11,63.77
13.01,60.68,100.0
12.47,97.56,100.0
8.57,60.97,72.25
10.94,89.86,98.35
5.4,66.92,61.08
7.6,97.01,82.35
12.5,87.4,100.0
7.43,88.92,83.86
6.01,64.86,63.52
7.92,74.94,79.35
12.6,82.8,100.0
5.69,89.65,64.43
3.43,59.68,50.19
10.97,98.31,100.0
12.56,95.06,100.0
2.41,67.17,40.11
4.36,92.02,69.97
2.99,78.32,52.99
5.87,75.78,58.84
7.3,69.15,73.49
11.48,81.14,90.79
10.12,87.85,95.2
9.69,73.49,86.4
5.93,83.31,75.75
12.78,86.47,100.0
7.6,87.0,74.67
14.71,57.34,100.0
9.88,93.69,94.85
2.77,75.62,53.82
10.47,66.81,86.82
5.55,65.88,58.93
10.61,76.74,89.21
1.97,94.91,51.75
3.45,72.03,58.19
12.98,88.74,100.0
4.18,59.36,55.17
12.72,76.42,100.0
4.91,99.63,71.08
10.0,89.67,89.45
10.72,64.47,87.62
8.18,77.56,74.47
5.27,65.51,68.37
3.98,73.43,50.06
1.46,90.1,53.74
5.26,89.71,78.96
10.14,65.26,86.35
14.14,96.5,100.0
13.2,81.67,100.0
11.72,72.1,87.76
12.04,77.59,100.0
10.31,82.23,100.0
4.64,80.2,61.12
13.7,76.89,100.0
10.39,77.72,78.52
8.85,62.94,70.8
2.55,91.57,57.99
7.26,79.38,83.98
7.45,60.9,71.04
13.1,89.48,100.0
8.65,96.96,89.74
6.33,97.63,77.53
14.68,71.61,100.0
2.55,61.1,44.3
6.92,78.33,63.23
1.59,60.07,34.61
11.36,97.03,100.0
13.85,63.26,98.16
4.92,66.37,60.6
13.02,73.3,100.0
5.09,72.24,61.19
13.75,90.76,100.0
11.56,75.53,92.06
12.27,62.68,100.0
1.25,67.02,36.42
14.48,77.91,100.0
11.17,61.64,85.28
5.27,82.52,68.21
12.61,80.46,100.0
4.94,87.16,70.46
13.22,97.2,100.0
2.58,96.05,55.29
10.85,97.57,100.0
8.57,66.01,73.44
2.35,60.92,45.71
4.39,68.6,48.2
1.17,95.28,52.11
7.56,98.74,86.55
5.22,93.67,75.29
9.38,59.95,63.25
5.16,97.63,75.45
5.2,74.05,57.27
11.4,55.42,86.35
1.67,74.91,40.64
13.64,57.07,92.46
12.93,79.47,100.0
10.35,70.23,81.6
9.31,76.3,82.3
13.49,82.59,100.0
3.59,94.1,55.86
2.11,84.79,58.01
4.35,74.53,52.55
12.12,91.87,100.0
1.49,95.75,59.07
9.16,60.39,72.92
14.94,78.94,100.0
12.98,67.8,99.93
8.3,57.12,75.65
1.89,85.08,46.15
12.64,93.82,100.0
9.39,62.33,69.43
2.61,91.56,56.86
2.31,93.4,58.44
13.73,96.15,100.0
10.37,66.94,83.03
12.61,95.68,100.0
13.31,69.43,100.0
9.0,79.86,90.23
8.24,57.27,64.37
7.03,56.97,60.5
5.44,87.42,73.41
7.08,75.0,78.98
11.83,66.53,84.97
9.43,63.57,78.08
13.5,85.15,100.0
7.21,55.02,63.04
9.5,91.27,80.74
9.84,58.57,80.98
9.28,63.62,85.82
10.84,72.38,90.96
4.32,76.82,54.87
8.17,70.97,73.79
2.46,69.43,55.86
6.38,98.38,85.65
7.83,83.87,84.27
10.13,56.05,80.47
14.31,74.36,100.0
9.41,94.38,93.23
11.41,68.57,90.94
8.09,59.26,72.81
9.88,89.13,100.0
1.99,82.27,56.69
4.56,80.66,56.04
6.07,57.41,60.16
7.61,61.32,72.42
1.64,83.01,52.8
2.96,64.35,43.83
4.88,77.68,77.79
14.6,79.52,100.0
5.64,67.76,56.66
7.75,97.68,88.75
3.75,92.91,75.77
9.55,87.51,87.33
4.93,58.51,52.57
3.9,59.78,54.76
8.23,77.18,79.66
1.08,62.23,34.83
1.11,99.02,57.88
4.07,62.13,52.76
1.51,76.94,51.19
2.51,71.39,54.71
5.74,83.77,72.14
12.24,60.81,93.04
9.01,74.36,83.3
8.18,67.36,77.01
5.11,94.95,73.29
14.04,56.83,98.63
6.56,96.12,86.83
2.22,92.48,64.92
9.64,68.39,74.85
2.59,90.52,58.28
5.83,56.4,53.92
8.1,98.51,88.22
13.24,78.7,100.0
7.91,68.65,77.22
10.83,71.32,89.26
14.9,57.99,93.92
2.84,99.52,59.14
4.85,56.77,57.1
6.52,84.47,61.15
6.91,74.92,77.93
6.75,97.7,85.23
13.71,66.07,100.0
11.0,78.94,93.46
9.51,76.71,75.6
5.33,86.63,72.12
12.53,58.06,98.07
14.37,63.72,100.0
12.5,64.66,91.5
1.02,88.22,49.65
9.91,63.51,78.64
1.72,80.81,44.89
4.61,64.69,60.15
1.83,93.77,50.07
9.45,97.4,91.5
10.61,78.33,86.71
2.6,70.85,40.99
6.37,65.53,65.37
7.39,57.24,71.36
6.17,67.08,63.45
2.69,84.44,48.16
6.87,79.01,78.03
11.52,97.48,100.0
1.99,72.83,43.16
2.12,86.22,51.33
5.97,77.02,70.92
14.18,78.07,100.0
10.36,67.05,82.73
10.5,75.47,83.58
6.07,76.19,71.58
9.31,86.8,93.95
1.14,97.33,54.4
9.91,69.82,81.65
13.79,56.9,100.0
9.58,77.33,89.19
13.23,79.5,100.0
11.14,62.58,87.21
2.69,89.22,51.29
13.63,99.32,100.0
1.93,97.56,57.12
8.48,63.87,72.13
2.99,94.39,61.98
1.16,86.7,49.37
6.91,75.42,76.73
5.13,79.33,68.27
7.8,93.23,84.85
9.08,76.61,87.53
1.61,71.79,45.96
2.72,77.2,50.08
8.82,81.06,84.01
5.8,63.51,60.03
11.21,95.54,100.0
10.13,85.34,91.49
12.84,83.5,100.0
10.69,59.48,93.06
7.02,82.19,80.89
10.42,60.44,78.53
4.86,58.54,56.4
5.29,78.73,66.4
12.05,73.13,98.75
7.25,81.5,77.68
12.18,59.01,96.34
12.51,74.39,100.0
13.01,62.87,96.15
13.83,99.42,100.0
7.03,80.25,76.46
5.46,85.93,70.9
9.15,69.64,82.15
6.2,59.26,60.15
9.42,98.91,96.58
10.88,67.88,85.4
10.64,74.07,86.47
6.24,84.24,68.35
3.34,56.11,37.78
7.03,91.46,76.47
3.0,79.15,53.68
13.46,67.52,100.0
5.84,57.77,56.74
3.16,62.31,35.19
1.36,95.28,62.29
10.04,85.87,98.58
9.92,66.25,84.93
5.77,57.95,67.36
2.0,86.08,48.17
6.73,80.76,83.49
5.36,73.2,58.56
10.48,71.36,89.27
9.48,64.76,73.41
6.1,85.13,73.16
4.05,98.68,71.52
14.83,62.91,100.0
7.36,81.87,81.28
10.64,74.09,90.72
2.97,75.1,49.78
7.8,66.44,69.38
1.39,92.13,57.05
8.08,76.84,75.53
14.5,79.45,100.0
6.38,68.71,72.37
1.55,63.18,30.98
1.43,58.87,42.26
6.43,87.14,86.03
3.24,63.83,49.38
1.33,86.05,52.66
11.59,72.57,99.4
7.42,73.71,72.57
5.05,76.11,64.22
13.6,71.55,97.21
2.63,59.53,43.59
14.38,68.93,100.0
5.4,84.87,71.99
13.44,84.96,100.0
9.44,67.88,77.27
12.57,75.7,98.06
14.78,63.71,100.0
5.04,64.47,56.67
14.46,56.04,100.0
6.45,95.35,79.61
6.4,64.48,60.12
5.77,65.24,69.56
8.58,67.58,74.05
3.16,60.73,40.52
8.75,83.77,83.39
8.58,58.38,62.1
11.67,61.04,85.6
12.67,84.01,100.0
7.17,70.28,74.06
5.23,86.86,66.23
4.63,80.08,67.63
3.72,66.52,58.88
1.81,84.29,55.08
5.79,60.23,58.01
4.78,79.14,64.19
14.53,74.67,100.0
8.81,67.05,76.9
5.86,82.18,66.1
9.13,94.21,96.21
2.95,99.95,77.58
7.22,82.35,79.76
9.77,73.21,75.49
7.84,65.13,69.98
6.62,66.57,67.02
14.91,76.58,100.0
13.32,71.53,98.73
9.73,96.12,97.93
8.97,71.57,74.43
9.69,71.81,79.62
3.82,72.26,58.45
6.53,92.65,73.91
1.55,84.29,52.6
7.66,82.64,72.76
8.6,70.04,86.85
4.19,91.81,62.97
14.5,56.73,99.73
13.73,94.19,100.0
11.11,78.07,91.76
8.47,72.92,79.51
13.18,77.37,100.0
2.83,85.03,61.47
12.07,55.57,92.08
2.75,94.22,59.99
12.12,75.1,97.41
4.86,70.43,71.27
13.28,61.22,100.0
14.22,74.78,100.0
3.08,77.33,54.58
7.48,73.16,72.29
14.73,85.54,100.0
7.77,73.94,69.66
13.09,98.26,100.0
9.24,81.97,96.25
6.25,91.34,79.84
5.0,59.92,42.51
3.85,72.88,61.75
11.67,70.16,98.85
6.41,80.63,70.57
8.16,93.75,91.25
7.89,58.53,64.43
9.08,58.27,72.19
13.12,93.26,100.0
14.73,64.58,100.0
6.71,85.09,66.73
12.59,79.43,100.0
11.7,92.48,100.0
9.03,60.63,81.45
14.38,60.84,100.0
3.81,80.06,56.95
2.53,97.59,66.67
12.96,73.67,100.0
7.15,69.71,66.85
12.86,82.3,100.0
13.5,96.87,100.0
1.87,92.66,55.72
13.37,99.8,100.0
7.28,56.02,59.04
8.15,60.08,68.13
9.77,82.43,90.09
13.97,91.93,100.0
1.27,67.84,46.62
7.68,65.76,72.35
10.63,90.41,100.0
11.12,57.54,84.41
10.7,71.62,94.57
2.88,77.76,55.28
5.19,80.22,66.13
6.02,87.79,73.94
12.26,70.97,92.02
4.9,82.57,68.33
3.95,81.34,60.22
14.4,79.64,100.0
1.12,83.82,53.06
14.97,66.68,100.0
10.48,58.81,79.67
12.6,60.37,98.32
5.12,65.11,59.75
1.2,77.51,44.52
11.33,92.82,100.0
12.68,86.56,100.0
11.37,90.51,94.5
3.0,70.79,48.65
11.55,73.21,100.0
11.76,72.72,91.89
10.22,63.63,81.32
11.73,57.75,84.8
12.84,81.59,100.0
9.59,99.51,94.79
2.24,62.51,44.89
7.83,57.1,68.67
2.09,90.08,59.34
6.71,66.37,61.46
6.7,92.33,77.96
1.92,86.68,51.83
5.88,97.56,80.47
2.55,73.4,45.5
12.32,84.79,100.0
14.27,75.92,100.0
2.01,83.38,46.81
14.37,75.23,100.0
8.32,63.49,70.66
5.19,77.86,78.06
2.08,78.79,47.62
8.01,91.48,94.17
12.12,88.1,98.33
10.9,84.87,91.98
1.7,60.1,35.13
2.02,87.43,49.59
6.64,77.51,70.62
5.13,95.23,69.74
4.25,96.39,65.37
4.93,57.48,59.2
12.25,91.93,100.0
14.01,56.7,100.0
6.67,71.52,71.74
13.69,79.4,100.0
5.5,61.66,55.85
7.67,88.58,77.88
4.16,55.38,50.32
9.97,62.59,75.26
14.71,81.14,100.0
9.45,87.15,96.58
6.01,96.25,87.67
10.07,86.75,95.69
2.72,85.23,61.75
13.44,72.75,100.0
8.04,55.06,61.06
7.29,60.41,69.72
9.2,79.05,88.38
9.75,85.38,91.78
2.0,73.79,45.71
10.56,87.88,100.0
4.39,78.48,56.25
11.0,58.34,80.28
12.52,63.64,89.36
12.26,92.8,100.0
8.74,87.62,82.05
8.28,95.26,85.62
3.0,60.29,41.62
11.85,99.56,100.0
4.8,64.42,48.77
7.95,55.53,67.97
4.98,99.88,81.08
2.87,67.65,48.87
9.81,85.06,99.31
1.76,62.95,46.95
11.48,81.11,100.0
5.45,95.68,75.45
1.0,69.41,39.83
8.16,85.16,87.18
1.66,63.46,38.05
4.87,83.12,56.48
10.9,70.14,92.02
1.88,64.5,35.99
12.75,69.09,93.49
1.05,63.05,36.79
4.46,95.59,69.6
11.37,72.87,86.24
5.43,66.04,60.99
2.43,75.18,54.55
6.04,69.42,59.29
4.79,88.5,74.54
12.8,98.7,100.0
5.39,74.71,74.88
12.05,93.75,100.0
13.49,80.46,100.0
7.07,62.08,56.94
13.74,86.08,100.0
6.28,78.1,71.61
14.5,84.28,100.0
2.25,95.04,55.95
10.62,74.82,85.77
7.91,95.55,93.0
6.43,88.78,76.68
9.86,76.99,95.49
10.85,82.14,92.71
1.06,69.65,37.96
3.34,99.26,70.4
10.98,85.03,89.31
10.33,56.97,74.07
14.52,69.7,100.0
11.65,83.05,93.94
14.31,57.53,91.23
10.84,56.07,91.56
5.17,75.25,56.52
2.48,69.97,48.28
11.95,74.72,97.43
10.02,66.82,69.45
1.67,62.41,38.24
6.04,86.01,75.45
14.4,78.16,100.0
8.01,64.01,76.55
7.06,69.38,68.04
7.41,81.63,81.42
3.92,58.25,45.3
6.16,61.64,54.57
6.18,58.3,53.55
1.73,91.55,47.13
11.75,88.86,100.0
6.83,88.9,71.03
12.51,87.23,100.0
12.9,85.12,100.0
3.97,76.46,57.56
10.2,83.9,99.78
7.61,56.73,64.23
13.32,82.97,100.0
4.02,90.0,65.29
10.49,77.52,90.44
9.51,71.09,94.59
5.13,67.48,52.21
2.91,83.93,62.97
10.12,86.18,96.98
11.34,94.19,100.0
5.42,70.41,70.44
10.03,89.64,85.72
6.53,80.26,70.18
10.98,94.73,96.25
3.79,78.75,60.38
13.46,78.29,100.0
5.02,81.0,67.79
6.15,88.72,74.17
1.81,98.41,55.88
2.56,58.31,43.9
8.22,57.4,68.47
4.75,97.19,66.88
12.7,78.84,100.0
1.21,82.67,44.93
6.31,76.71,58.8
5.72,59.21,54.01
1.27,89.56,44.8
2.74,88.63,62.15
6.79,69.03,70.08
7.9,68.78,75.88
6.66,92.7,77.8
8.43,58.26,69.9
9.33,94.65,92.13
1.14,66.55,38.56
7.5,81.68,82.51
14.49,97.12,100.0
8.27,85.52,86.59
10.49,73.65,91.75
5.37,86.03,74.27
11.84,70.48,95.86
11.82,67.48,94.64
8.3,99.85,97.36
14.66,88.79,100.0
2.76,84.01,51.52
1.24,70.99,35.75
11.78,57.21,88.43
12.3,56.4,80.43
2.68,79.94,55.69
4.72,89.29,67.69
1.25,79.18,51.49
5.11,92.84,68.59
11.82,56.5,86.36
8.25,71.5,82.62
5.87,65.67,69.12
6.2,75.13,65.18
1.02,58.26,35.13
5.2,97.94,76.43
10.05,65.05,84.64
14.64,96.5,100.0
12.86,74.17,100.0
1.33,99.35,46.88
13.58,79.93,100.0
11.96,96.89,100.0
11.93,55.24,89.53
7.41,88.67,88.16
6.57,95.64,86.67
5.24,61.29,55.42
1.92,59.33,45.76
4.2,74.11,54.46
4.45,97.02,75.42
7.78,79.41,87.64
11.46,78.74,100.0
7.63,61.35,69.37
1.81,55.04,34.91
14.41,91.46,100.0
14.2,58.94,100.0
11.99,83.52,96.15
14.88,96.16,100.0
8.62,64.39,69.35
14.48,84.94,100.0
2.06,58.54,39.42
6.12,82.17,73.05
4.16,62.38,48.96
3.74,88.12,68.11
2.97,68.56,48.09
9.71,75.85,82.56
11.94,81.97,100.0
9.1,62.71,86.65
3.06,88.37,61.15
12.36,68.62,94.27
9.9,84.81,84.28
6.43,62.12,62.14
10.44,85.97,96.35
4.64,60.77,51.64
5.83,74.14,57.91
13.84,66.12,98.03
5.07,88.68,76.95
7.58,66.79,78.46
13.46,94.68,100.0
10.91,95.13,100.0
1.87,63.84,35.38
3.06,82.62,63.64
1.11,58.95,36.25
9.83,72.62,90.22
7.27,87.1,71.31
2.88,84.67,60.12
14.41,83.11,100.0
8.42,67.71,80.19
4.39,72.01,62.51
8.01,59.63,70.19
10.51,87.36,93.25
2.07,77.67,53.07
4.85,86.89,67.38
12.3,66.2,90.22
7.44,69.6,67.38
8.65,70.04,70.89
7.06,56.16,60.82
1.61,70.35,48.76
3.32,91.15,63.07
7.24,95.38,81.23
3.93,78.32,62.83
1.7,75.5,42.08
12.81,56.39,92.73
14.74,94.56,100.0
12.1,55.59,92.21
12.95,97.51,100.0
4.39,77.01,56.19
14.45,70.39,99.25
3.76,96.59,65.78
14.32,56.1,100.0
14.93,81.16,100.0
10.96,79.7,92.12
14.74,64.87,100.0
8.97,74.3,87.36
4.63,84.35,64.9
7.12,87.72,82.87
9.31,55.03,68.68
2.02,97.16,65.58
9.71,62.4,90.51
14.74,65.51,100.0
3.66,66.86,41.31
12.1,56.7,86.04
13.71,60.54,100.0
14.21,99.39,100.0
14.44,69.18,100.0
8.3,60.19,74.54
14.68,59.81,99.79
11.6,87.38,100.0
3.26,93.46,58.58
7.68,66.56,70.75
11.06,55.94,80.48
4.46,65.04,60.71
9.97,57.54,89.19
10.33,59.65,74.33
3.28,74.42,43.98
8.91,65.35,76.0
11.8,78.22,90.53
7.98,66.41,73.36
1.17,97.32,58.25
1.13,95.77,60.99
6.0,80.51,71.25
13.97,70.95,100.0
4.2,72.15,47.19
9.88,73.53,86.3
4.11,87.74,64.77
5.5,75.32,68.37
12.87,93.55,100.0
11.2,97.48,100.0
2.34,70.12,39.35
7.0,80.23,63.67
1.41,59.28,31.14
7.73,64.02,62.82
10.27,73.61,89.86
2.66,64.28,42.84
5.04,94.45,69.75
6.57,62.12,58.99
13.87,75.5,90.96
14.91,82.26,100.0
1.63,86.13,46.21
11.65,72.24,92.33
6.2,94.11,70.8
6.49,80.57,77.62
11.56,74.78,95.9
13.86,58.03,94.17
14.31,75.91,100.0
9.08,91.93,99.76
6.0,82.65,70.96
12.03,92.45,100.0
4.51,77.23,56.48
8.9,60.33,65.18
6.02,55.61,57.11
10.19,68.64,86.91
4.37,86.41,70.53
3.68,90.56,52.45
13.86,68.31,97.81
2.43,77.3,47.87
8.08,73.95,77.37
4.09,73.47,56.47
1.55,65.41,39.82
1.5,61.14,40.13
3.45,63.85,44.67
13.13,57.49,99.09
4.95,63.92,58.9
14.31,55.41,97.64
9.14,83.23,95.33
7.11,69.24,77.96
9.12,98.79,99.67
8.23,63.72,57.93
11.62,70.56,100.0
4.95,71.1,64.3
5.94,55.38,67.44
13.52,92.76,100.0
14.25,56.44,100.0
13.5,97.31,100.0
6.87,95.14,88.68
11.93,79.1,100.0
7.67,79.46,79.16
7.97,84.42,74.18
3.87,72.42,54.0
9.28,84.13,90.39
3.61,57.01,46.91
5.64,57.43,50.69
12.97,75.58,94.48
3.9,79.73,55.66
2.0,94.95,61.5
1.97,59.71,47.59
14.17,92.02,100.0
8.1,64.45,78.0
6.73,72.73,69.62
12.35,69.25,87.67
12.7,73.01,97.74
5.65,61.77,57.85
10.71,77.66,89.9
11.8,91.07,100.0
10.17,74.87,90.47
3.12,77.08,58.42
13.26,93.19,100.0
8.55,86.77,76.6
4.95,77.07,60.89
6.95,66.6,68.28
1.53,94.82,61.15
2.79,80.97,51.59
11.72,64.95,93.63
1.0,67.11,40.01
6.83,91.14,79.95
8.32,56.99,74.72
1.76,99.64,55.34
14.62,60.87,100.0
4.17,90.82,66.18
5.26,72.76,59.48
5.26,77.15,67.39
4.23,94.63,64.88
1.02,73.58,43.03
11.21,79.19,95.15
14.54,57.22,100.0
4.14,55.11,45.95
10.28,66.02,82.73
11.39,85.63,100.0
12.88,60.46,95.63
6.92,60.12,64.62
5.24,73.49,71.48
5.55,84.15,64.89
10.98,87.04,98.08
12.43,63.03,85.82
3.54,58.58,48.86
6.19,97.32,74.05
13.63,66.73,100.0
12.29,93.4,100.0
14.79,93.86,100.0
11.56,89.76,99.92
6.5,62.6,60.85
9.27,91.98,99.51
10.25,89.62,97.5
2.1,81.85,48.61
8.62,70.17,76.95
10.93,66.81,96.29
3.34,60.49,45.78
11.93,77.94,95.17
9.17,81.34,83.11
14.33,71.17,100.0
1.59,76.39,43.19
4.71,71.36,52.85
9.42,83.85,83.41
5.15,95.56,69.39
11.0,62.38,89.16
11.63,72.16,92.31
2.44,61.34,41.81
8.19,83.12,88.88
8.12,87.8,91.0
6.17,96.94,77.91
14.06,67.55,100.0
12.59,97.76,100.0
10.76,57.85,86.19
11.0,82.14,95.05
7.46,57.57,64.17
13.89,95.22,100.0
10.72,78.84,89.19
11.21,85.12,100.0
13.06,92.42,100.0
4.84,61.76,60.04
12.3,56.74,87.19
3.73,94.55,65.19
5.83,69.17,57.08
5.7,60.8,58.83
14.7,76.08,100.0
12.99,81.92,100.0
10.82,56.39,89.64
11.18,67.37,90.47
8.87,56.48,68.61
14.26,73.92,100.0
7.95,95.28,90.35
6.33,99.22,87.74
3.28,83.67,59.66
12.01,62.27,94.61
11.28,95.76,100.0
6.38,78.23,78.12
1.35,61.92,27.97
12.75,96.48,100.0
1.16,89.09,55.26
10.85,87.93,91.53
14.58,86.91,100.0
7.13,64.02,63.39
4.29,64.5,50.05
10.87,85.97,94.92
12.44,64.89,95.86
8.65,74.74,84.95
14.54,90.19,100.0
1.72,90.28,49.57
8.07,75.4,73.81
11.06,90.65,100.0
13.08,92.74,100.0
3.51,84.46,60.19
12.2,65.28,96.01
8.74,67.33,77.21
6.55,69.17,69.97
2.84,60.26,42.67
13.11,67.29,100.0
3.2,64.43,40.67
5.34,75.49,60.99
5.06,95.88,69.86
13.2,59.7,93.98
10.42,87.41,91.16
12.15,85.93,100.0
4.51,59.31,44.62
9.75,96.52,99.74
9.0,80.58,84.9
12.66,71.37,90.46
13.69,89.04,100.0
1.17,66.58,40.82
10.44,86.21,92.57
1.73,56.79,33.54
8.68,92.77,89.43
5.03,75.17,64.44
5.29,83.65,61.12
5.94,64.96,64.94
9.7,85.47,87.22
5.68,89.75,73.17
11.26,76.29,94.26
6.66,82.8,72.08
1.96,75.53,42.43
11.97,95.23,100.0
5.0,77.4,71.83
7.06,92.88,74.93
10.6,91.06,100.0
5.65,73.47,63.71
1.79,65.35,41.81
6.23,73.27,62.38
14.22,92.18,100.0
9.98,65.24,80.03
10.4,78.6,86.07
9.85,91.27,93.85
3.79,70.91,52.35
6.86,83.9,85.49
11.51,66.05,84.76
2.42,59.92,42.57
4.89,90.75,71.06
4.87,59.45,48.72
7.05,67.21,72.28
14.73,93.48,100.0
1.95,70.59,32.56
8.26,98.79,94.0
3.51,99.09,61.51
14.59,67.07,100.0
2.59,56.84,44.79
6.65,86.73,74.88
11.33,75.29,98.89
10.86,59.53,90.14
6.92,86.84,74.79
5.85,56.4,61.42
6.57,94.16,76.13
4.7,61.24,65.28
3.87,60.73,46.27
7.76,62.91,75.4
4.76,98.21,77.12
5.02,86.19,69.8
10.19,91.06,93.15
14.56,72.89,100.0
9.45,70.13,71.55
2.08,65.55,44.29
2.06,76.63,50.35
14.32,79.83,100.0
5.16,83.43,52.66
2.29,66.57,38.4
9.39,97.69,92.04
9.73,62.64,81.43
10.08,98.45,100.0
4.74,55.67,50.7
1.21,76.65,47.56
14.51,70.0,100.0
4.51,75.21,63.22
10.46,80.68,95.04
10.89,74.6,93.65
9.54,73.67,83.62
5.38,87.97,80.04
4.8,85.86,69.37
9.37,92.5,88.24
13.13,66.25,99.99
14.25,82.43,100.0
2.48,81.33,50.14
3.17,71.64,57.1
14.23,76.87,100.0
11.31,69.12,79.41
13.36,61.38,99.0
3.84,64.62,49.46
9.23,59.75,78.69
10.82,85.74,100.0
10.52,84.73,95.95
6.71,97.78,90.79
1.22,87.84,49.1
9.16,57.34,77.6
4.54,94.79,74.14
7.3,93.82,82.94
14.41,74.95,100.0
6.59,81.36,70.64
12.76,98.92,100.0
3.64,78.95,51.11
10.41,95.74,100.0
14.68,58.74,100.0
2.43,63.6,49.83
1.12,74.83,46.96
7.07,81.31,74.58
2.3,91.73,51.46
11.48,99.47,100.0
13.8,72.5,100.0
7.08,57.13,67.72
4.62,91.05,74.06
7.08,82.2,75.45
11.13,63.93,85.28
1.13,77.27,40.58
9.25,88.4,90.18
9.59,89.67,92.37
9.93,77.48,89.41
4.39,68.73,55.66
11.0,98.82,100.0
2.28,84.85,49.94
3.79,73.37,60.34
13.28,67.62,100.0
11.34,87.9,99.79
1.19,65.9,35.17
4.48,62.73,47.09
4.0,78.84,65.97
4.79,68.05,60.75
4.47,83.3,55.86
1.88,60.31,43.35
7.43,84.47,83.97
11.26,67.75,90.79
9.49,55.01,82.97
10.42,60.71,83.54
2.14,97.01,52.1
14.32,94.03,100.0
12.74,65.51,97.68
12.27,90.03,100.0
12.52,82.39,100.0
14.06,98.69,100.0
8.62,71.81,83.96
3.8,85.67,57.46
9.63,57.86,72.18
11.4,72.83,92.85
11.33,98.37,100.0
8.3,79.25,81.95
1.96,67.95,40.06
6.2,60.41,58.65
13.89,86.66,100.0
9.18,84.02,86.8
8.54,71.83,83.97
4.76,97.79,72.69
6.16,56.0,63.09
13.53,68.67,100.0
10.33,96.45,96.94
12.02,69.44,93.91
7.36,66.35,80.84
9.82,79.04,95.86
4.48,92.07,60.06
10.88,59.64,86.14
6.99,97.44,83.65
7.2,90.78,85.5
10.09,63.16,78.31
14.11,87.04,100.0
1.9,72.32,42.26
12.55,73.1,96.42
5.09,90.25,74.67
7.21,98.33,79.33
1.31,60.7,33.77
5.21,73.93,54.09
8.04,76.64,83.54
1.79,71.93,51.25
7.88,71.34,73.41
13.98,57.35,97.08
2.48,85.85,57.57
11.7,74.63,100.0
6.74,63.77,67.6
10.17,91.72,93.24
4.64,91.12,60.68
3.23,76.89,49.03
3.25,68.43,50.81
1.99,83.71,48.51
3.6,67.97,52.95
10.3,65.62,81.54
13.34,87.87,100.0
12.4,56.81,84.51
10.59,59.26,90.4
2.55,55.31,44.83
5.05,61.88,64.84
5.34,58.1,58.44
4.5,99.81,70.25
8.21,68.0,81.67
8.5,61.72,73.18
6.0,65.84,64.01
5.95,97.13,78.11
12.6,78.41,87.47
12.05,71.42,100.0
5.31,94.3,76.15
13.79,72.77,100.0
14.34,70.08,100.0
5.57,64.33,60.85
5.96,72.0,62.82
8.08,69.25,78.1
14.18,85.48,100.0
13.27,68.03,100.0
2.44,80.97,55.47
6.5,57.97,60.48
8.75,63.61,77.39
8.04,73.33,71.93
3.71,97.16,62.32
13.02,71.98,100.0
10.48,84.88,98.22
12.73,66.48,87.52
13.02,60.72,98.08
11.48,57.63,83.49
7.15,68.74,69.15
9.55,62.09,72.09
3.25,62.83,43.38
10.43,89.23,100.0
3.51,55.71,45.57
10.72,80.1,91.71
4.21,72.08,56.53
2.65,77.79,54.57
3.31,80.33,58.94
1.03,69.1,39.32
11.06,68.28,94.92
11.25,88.0,100.0
8.21,94.21,90.22
3.26,63.67,48.4
2.17,59.39,43.83
1.27,95.4,55.61
3.32,70.75,57.28
13.47,79.81,100.0
4.38,71.18,52.41
5.96,60.66,54.7
2.47,81.52,49.63
4.11,78.63,64.76
8.27,64.13,65.53
9.51,75.33,87.18
4.43,90.86,69.42
1.81,81.57,55.64
6.47,59.36,62.95
4.28,79.66,54.51
4.07,86.62,58.88
14.44,90.67,100.0
9.63,83.31,87.11
8.8,61.87,74.0
6.82,86.96,71.76
7.01,85.48,85.12
8.57,56.1,64.29
10.75,73.53,97.24
10.83,69.98,95.07
3.4,85.12,64.07
8.0,64.73,68.9
6.77,81.59,76.34
13.19,96.09,100.0
9.84,90.9,99.2
8.46,96.47,90.14
2.62,99.03,60.55
9.48,55.48,69.02
2.64,83.02,42.33
5.72,73.58,60.2
3.0,93.69,67.41
10.69,66.33,84.6
3.89,99.15,68.16
6.49,82.62,77.02
13.54,90.71,100.0
3.86,58.85,55.35
8.11,63.26,67.31
6.87,89.13,69.2
1.25,55.99,46.06
12.1,91.76,100.0
1.97,55.63,38.59
7.64,84.57,74.13
8.85,71.43,84.78
9.8,82.52,89.71
10.64,86.32,95.8
4.55,70.41,62.41
1.14,59.86,37.3
11.13,58.13,78.78
8.5,81.5,81.62
12.71,78.43,100.0
12.5,88.4,100.0
12.81,77.94,100.0
7.79,74.01,80.63
5.67,72.91,63.0
12.08,56.19,89.4
7.32,70.1,54.76
3.57,98.92,65.05
12.97,94.31,100.0
13.36,69.82,99.74
7.53,81.45,76.04
2.06,93.13,51.66
6.43,74.86,74.59
12.25,55.81,91.89
13.62,58.35,100.0
3.85,77.97,49.6
1.94,98.62,58.2
13.28,86.19,100.0
6.45,58.19,59.95
8.58,63.52,71.6
14.55,89.71,100.0
1.93,92.86,60.34
10.08,82.8,82.22
2.04,84.0,61.07
6.26,56.28,61.84
12.25,92.28,100.0
7.07,90.47,85.11
14.96,66.66,100.0
8.83,86.89,84.26
5.5,64.67,59.21
4.08,56.81,55.64
5.91,64.05,61.33
6.22,63.04,64.85
1.96,70.2,41.96
6.17,73.83,70.22
7.5,77.88,84.83
11.12,76.45,98.8
10.19,67.18,84.15
10.92,56.31,86.15
1.12,82.23,49.59
4.05,72.81,59.17
10.26,68.44,91.1
7.78,94.01,91.41
1.07,88.6,49.04
12.26,93.6,100.0
11.82,77.27,95.82
8.68,60.89,69.22
1.93,86.33,51.47
11.73,64.27,90.41
9.17,74.86,74.98
11.95,57.93,93.0
11.52,92.14,89.86
12.24,60.67,100.0
8.25,95.64,96.59
2.96,93.89,60.46
10.4,75.91,89.98
9.69,88.5,94.2
11.39,82.88,95.45
3.38,91.14,63.42
3.73,74.43,55.14
13.47,90.36,100.0
11.5,75.81,96.31
13.72,97.34,100.0
11.62,76.89,96.75
9.36,75.82,85.53
10.16,90.33,96.6
13.45,91.97,100.0
9.1,79.95,91.18
9.85,63.09,79.04
3.19,76.05,55.11
7.63,98.56,93.94
11.03,88.88,99.19
4.79,91.5,70.79
3.83,56.48,46.91
5.39,76.05,71.18
4.38,84.1,62.67
4.01,92.35,72.64
6.95,57.22,62.83
13.71,93.36,100.0
8.1,79.68,83.73
3.63,63.88,48.57
2.08,69.28,48.13
10.75,67.69,73.93
6.36,78.89,71.27
12.51,57.33,88.89
10.23,62.13,76.92
12.15,91.57,100.0
4.81,60.97,51.65
10.69,65.5,85.98
4.7,75.4,54.35
14.15,78.27,100.0
9.91,89.36,100.0
5.54,75.13,66.69
4.77,90.54,73.18
3.67,82.83,65.25
10.72,60.09,89.85
4.06,62.03,60.68
9.33,74.67,81.51
4.7,72.86,56.36
10.27,88.46,99.48
12.41,81.13,100.0
11.89,72.47,99.57
11.65,62.68,99.05
3.63,65.21,50.8
2.24,80.9,53.77
10.79,74.05,86.05
6.16,78.17,80.55
7.05,62.68,64.92
1.44,84.83,48.05
4.63,93.36,68.12
1.47,66.61,37.44
13.31,77.12,100.0
4.41,98.9,68.87
8.8,70.0,72.18
1.55,81.78,44.69
10.34,59.06,90.95
5.52,82.27,72.43
13.57,59.03,100.0
13.43,98.17,100.0
5.55,87.2,80.54
13.61,90.47,100.0
14.95,86.68,100.0
12.56,81.54,99.53
12.83,75.25,99.42
4.49,93.63,67.74
9.07,98.06,92.16
1.94,77.46,49.53
2.33,96.92,60.28
14.98,81.25,100.0
5.57,79.23,56.6
11.47,75.45,90.13
12.29,64.42,90.93
13.01,55.17,91.41
14.97,65.87,100.0
4.38,77.94,58.42
1.56,72.1,38.22
6.76,75.18,70.75
2.82,99.13,58.3
1.31,70.76,37.71
6.05,75.35,61.36
11.97,61.01,89.6
8.93,57.16,68.88
5.38,89.89,76.38
10.16,80.68,93.17
4.25,89.23,65.51
1.2,61.74,32.89
11.7,80.73,100.0
9.73,66.41,85.32
11.67,65.26,91.71
1.55,55.52,43.5
12.72,60.87,96.33
9.67,68.92,87.39
8.89,60.26,75.24
9.74,99.36,100.0
13.1,68.89,95.97
9.22,60.86,74.23
9.13,63.96,79.39
14.87,81.45,100.0
11.59,57.88,89.45
7.19,93.81,88.37
10.9,98.27,96.53
6.45,66.1,60.43
4.2,75.25,59.8
9.36,56.0,71.16
13.99,83.83,100.0
14.01,73.63,100.0
5.79,67.15,62.12
8.39,64.31,71.51
3.96,84.43,59.63
14.94,73.73,100.0
14.74,63.08,100.0
10.09,86.01,91.19
12.26,80.43,100.0
11.01,93.64,100.0
9.3,60.29,83.59
1.75,90.35,55.17
7.37,85.31,72.78
10.45,60.18,85.02
10.49,86.27,100.0
6.22,74.87,75.4
14.18,97.52,100.0
3.34,61.37,54.51
8.01,83.93,82.26
10.67,72.19,92.6
10.76,98.06,99.42
10.08,69.85,86.79
4.85,98.3,80.07
3.19,95.57,60.77
9.9,67.17,78.79
9.39,91.16,93.02
3.51,99.8,66.32
10.87,66.37,90.79
7.37,74.65,71.92
10.35,78.41,99.54
12.72,68.27,91.3
3.38,55.69,50.99
1.27,64.91,34.97
11.91,67.69,84.4
9.54,74.96,86.35
10.79,62.7,84.05
12.73,94.3,100.0
12.24,86.72,96.15
14.45,58.83,100.0
8.5,84.25,89.52
7.84,84.41,84.33
6.63,98.03,82.43
3.15,55.14,45.72
9.02,66.16,78.02
4.88,96.75,65.62
13.9,96.95,100.0
9.16,87.43,88.52
9.3,89.46,90.43
5.97,59.12,63.66
1.73,78.12,51.49
1.44,65.42,42.96
6.93,63.15,64.81
2.18,91.46,49.75
9.5,61.08,80.08
13.33,76.09,100.0
13.36,97.24,100.0
10.23,63.36,78.64
3.96,99.01,65.84
13.08,99.74,100.0
13.41,80.0,100.0
3.75,62.66,49.9
11.32,69.22,90.18
5.01,74.1,61.31
12.24,68.92,92.06
14.96,67.63,100.0
1.42,98.75,51.08
13.56,61.9,100.0
9.72,88.0,95.44
14.63,55.02,96.79
7.51,81.83,86.07
12.86,96.22,100.0
1.87,67.96,51.0
5.69,63.35,56.93
1.94,84.33,41.72
14.65,87.07,100.0
12.44,85.96,100.0
12.94,69.37,99.53
14.13,66.35,100.0
2.19,98.02,59.79
6.4,96.55,77.71
1.99,75.58,46.25
3.95,93.08,70.5
4.21,75.35,59.65
7.57,74.1,77.94
4.76,62.05,53.67
2.41,74.19,47.45
3.34,79.18,50.55
3.06,56.01,41.47
14.62,74.99,94.0
11.63,90.16,100.0
14.55,85.6,100.0
7.16,83.58,80.39
4.9,95.93,71.11
12.18,55.81,90.52
5.57,80.07,56.97
5.19,90.43,70.89
4.26,79.36,52.56
2.82,69.58,42.82
4.59,61.13,52.58
5.97,94.94,83.72
10.44,76.18,92.13
1.88,94.52,56.73
3.95,81.36,60.32
12.33,85.34,100.0
3.06,91.19,58.16
5.8,84.66,73.45
13.11,72.91,95.06
3.17,78.11,57.87
2.16,91.14,54.42
7.78,71.81,78.95
5.23,72.47,67.21
8.89,59.31,65.73
12.25,96.16,100.0
2.92,59.1,39.87
9.13,84.17,78.67
8.08,73.59,72.02
3.02,73.25,63.92
9.74,85.58,94.52
4.83,58.02,62.75
7.83,81.72,84.15
2.15,89.74,51.92
7.43,92.27,81.4
5.29,62.67,60.73
12.51,95.38,100.0
1.8,84.53,48.37
6.86,94.68,74.09
7.42,76.84,91.95
11.15,79.39,94.74
9.04,96.36,91.75
10.34,95.5,100.0
11.88,75.17,95.76
13.07,67.35,99.64
5.39,72.69,69.75
8.53,72.45,78.26
12.76,67.91,91.95
14.85,67.09,100.0
13.45,93.75,100.0
6.2,58.14,67.19
3.73,85.49,67.26
7.85,62.78,71.18
11.38,70.5,85.77
7.9,57.77,62.24
7.76,67.15,72.47
12.74,89.58,100.0
6.06,94.83,75.84
13.04,64.97,95.27
6.7,75.86,68.44
5.6,76.16,65.94
7.36,94.31,72.02
11.67,89.33,97.53
2.76,78.09,49.73
3.75,85.18,67.38
14.32,93.13,100.0
3.46,55.43,45.9
8.95,73.13,82.44
9.11,95.83,99.95
7.85,88.31,89.74
10.03,79.43,89.56
4.22,78.83,58.13
8.74,70.65,75.69
6.21,78.42,69.06
10.26,84.49,91.39
2.98,73.83,54.57
8.99,87.14,90.63
3.59,93.76,67.81
4.9,61.96,61.78
4.06,75.32,67.28
3.56,73.36,55.1
12.56,85.94,100.0
5.0,66.24,56.36
13.98,83.81,100.0
14.58,94.49,100.0
9.0,73.82,86.94
3.0,96.0,63.48
6.24,99.69,77.72
12.17,59.77,83.76
6.14,65.49,63.26
2.22,97.77,67.64
8.79,98.12,91.49
12.83,59.4,97.78
12.14,55.67,92.77
3.45,62.25,46.96
10.42,99.82,100.0
4.09,63.1,37.44
4.05,77.61,52.97
13.24,93.18,100.0
4.5,55.92,46.34
4.69,82.2,66.21
1.01,67.47,40.23
13.19,93.81,100.0
12.1,67.76,97.34
9.78,85.9,87.11
11.5,85.34,94.1
3.13,64.97,50.11
7.42,56.57,62.21
5.92,73.42,58.44
2.31,68.01,50.43
7.81,91.4,91.71
13.89,91.02,100.0
1.56,75.57,46.52
5.08,82.29,69.68
3.91,82.19,67.47
4.33,92.22,64.57
13.72,74.13,100.0
7.55,67.4,72.84
7.53,66.93,75.67
11.65,79.13,98.74
3.16,75.21,59.9
7.82,74.81,77.63
7.02,59.1,57.23
9.36,87.34,97.71
14.99,64.62,100.0
11.77,63.86,97.06
6.57,73.57,69.19
12.59,65.25,100.0
3.39,81.27,63.26
1.43,71.72,45.14
3.86,75.2,59.45
5.77,79.17,70.53
8.15,64.16,62.75
9.61,62.01,79.66
13.75,94.62,100.0
8.14,74.52,78.8
8.02,73.54,71.15
1.7,56.6,30.89
1.49,77.41,54.17
8.72,79.94,88.9
7.13,80.15,75.73
12.75,86.82,100.0
3.25,62.99,46.5
1.35,66.35,42.77
7.29,91.48,78.79
4.32,97.62,75.4
1.69,61.12,37.77
11.14,77.39,92.32
2.56,64.64,45.24
9.52,57.7,73.48
4.93,69.65,61.14
3.43,61.47,45.19
6.32,86.95,77.4
12.22,79.02,100.0
6.49,61.47,59.59
11.51,55.42,84.61
2.76,91.37,61.77
11.82,62.93,88.38
4.32,82.28,65.05
10.48,70.16,90.28
8.92,81.35,90.69
14.01,69.2,100.0
6.42,58.91,56.85
1.93,65.03,40.61
1.27,63.46,33.23
12.58,74.26,100.0
8.35,84.62,78.23
11.85,66.87,100.0
4.28,55.54,55.66
5.83,78.35,68.39
1.42,82.26,52.57
14.46,98.33,100.0
10.35,81.53,100.0
14.06,76.2,100.0
4.72,80.8,63.38
9.56,96.76,86.9
10.5,92.28,100.0
5.45,69.53,56.46
12.87,65.68,97.71
14.26,66.82,100.0
13.39,77.7,100.0
11.35,88.48,96.95
4.88,77.64,64.37
4.94,58.05,47.33
14.49,87.56,100.0
1.14,91.27,54.67
11.02,68.03,100.0
10.89,84.89,99.27
9.72,74.2,81.1
14.86,95.01,100.0
5.37,93.04,73.51
5.76,78.64,66.37
2.11,86.12,58.1
7.2,94.75,84.46
4.65,77.31,66.47
5.81,69.1,62.01
12.68,88.91,100.0
14.1,64.9,100.0
3.6,72.48,49.39
6.22,93.96,88.94
14.0,87.6,100.0
1.87,73.17,42.22
2.29,64.66,40.66
3.28,71.02,64.45
9.33,67.78,89.59
3.11,62.92,54.46
14.55,88.45,100.0
7.25,66.34,81.57
8.02,75.44,79.67
4.45,72.36,63.33
7.59,99.19,88.46
10.27,72.6,87.39
11.52,58.6,85.62
11.55,59.04,86.24
9.09,81.58,89.29
13.66,81.97,100.0
12.44,73.84,98.98
11.6,74.43,100.0
1.78,57.43,22.77
1.1,78.24,47.15
3.97,77.71,62.32
10.29,61.73,88.05
6.76,59.67,63.3
6.63,60.56,64.49
13.38,59.55,100.0
13.54,82.44,100.0
13.73,63.84,99.06
5.39,66.31,61.46
10.67,62.81,93.17
4.8,98.1,62.45
3.67,93.46,61.62
3.58,65.37,57.94
5.79,69.74,69.28
7.02,64.45,69.93
12.63,77.13,99.49
2.68,55.88,36.92
11.29,85.21,96.09
8.44,78.54,89.21
5.03,95.44,69.73
7.9,62.4,71.2
5.2,91.18,67.82
9.35,90.64,96.26
7.07,60.72,63.04
3.3,72.94,52.49
2.63,62.66,36.07
8.65,66.46,68.43
13.63,66.85,100.0
5.82,80.03,62.47
11.26,73.51,100.0
10.22,97.65,89.62
14.04,60.69,96.55
12.49,98.82,100.0
8.93,65.38,75.53
10.2,89.78,90.36
13.58,70.25,98.22
6.59,61.44,58.73
5.58,93.61,73.24
1.15,68.9,49.97
12.57,84.65,100.0
12.21,80.49,100.0
2.46,76.23,52.96
9.08,77.31,89.61
7.5,87.95,67.45
2.66,58.95,41.26
14.73,85.07,100.0
4.01,95.31,64.83
1.94,57.6,47.32
9.33,61.33,84.72
11.34,87.25,98.0
1.45,74.68,42.09
10.22,73.16,82.62
8.45,61.16,69.69
2.45,77.8,44.97
3.42,60.69,49.57
8.95,76.45,75.7
5.15,89.36,73.45
14.14,66.62,100.0
12.46,76.64,92.32
14.77,99.64,100.0
4.64,85.9,68.69
14.58,92.86,100.0
7.04,73.67,68.23
5.87,89.55,77.22
1.7,56.82,42.57
1.74,60.53,38.47
10.69,64.14,95.52
7.41,73.09,73.82
4.17,93.06,73.09
9.6,70.58,84.73
4.54,84.46,67.86
9.09,86.92,80.54
6.03,81.38,72.69
12.53,71.08,94.51
12.49,80.97,98.7
7.68,70.4,82.34
5.91,58.77,57.88
6.08,99.68,75.2
12.28,60.72,89.97
5.59,58.26,50.6
3.93,94.53,74.07
2.19,68.58,41.74
7.53,84.26,82.45
7.75,69.81,80.43
12.77,72.62,97.67
4.1,66.8,56.54
6.33,70.44,61.74
12.32,73.48,100.0
12.53,87.42,100.0
6.38,78.02,69.97
7.43,97.46,82.0
5.25,56.88,54.1
14.06,77.64,100.0
2.66,81.29,63.71
14.07,96.41,100.0
10.57,57.21,82.15
8.44,80.81,82.52
1.46,93.41,53.41
7.66,65.89,70.69
6.71,94.43,80.18
3.26,55.86,48.58
10.19,87.96,97.97
14.6,96.99,100.0
8.87,84.57,71.47
11.01,74.76,93.91
1.96,57.02,30.02
6.85,96.41,85.67
2.63,76.16,58.6
9.58,56.3,71.42
14.14,86.04,100.0
10.26,76.68,86.67
2.08,60.6,46.85
5.97,64.64,62.62
8.71,57.9,81.14
6.64,80.84,75.71
12.67,82.99,100.0
12.41,77.76,100.0
9.57,91.77,97.8
6.23,93.75,69.33
4.57,82.7,64.65
2.48,55.57,39.85
5.97,86.29,76.61
6.78,73.81,69.89
10.46,80.45,87.34
10.21,84.21,93.21
1.98,70.76,39.87
6.53,96.27,71.18
3.54,61.03,51.87
3.2,85.22,61.48
12.58,55.2,92.84
1.59,96.61,62.75
6.87,60.06,61.05
3.35,59.27,39.25
13.31,69.99,100.0
8.8,71.81,78.16
4.24,64.64,49.31
8.03,81.33,80.44
11.24,74.93,90.61
14.41,56.54,91.16
4.09,69.38,52.92
13.41,91.47,100.0
14.08,86.04,100.0
13.83,87.62,100.0
9.9,86.42,98.24
9.82,68.99,91.6
6.64,59.48,66.36
11.53,67.26,83.54
8.44,92.43,95.93
10.48,99.12,100.0
7.0,77.22,73.7
11.24,55.44,90.54
12.54,61.3,90.61
3.05,69.49,40.67
12.66,81.04,100.0
8.56,58.38,80.66
12.83,97.45,100.0
7.04,71.43,70.9
6.31,96.07,79.74
13.81,90.12,100.0
4.52,88.99,64.86
12.82,82.3,100.0
7.78,83.21,77.67
8.2,83.71,75.73
5.32,83.29,69.31
9.02,79.92,90.44
5.55,99.39,81.81
1.55,87.95,47.68
4.81,89.96,62.77
1.09,94.26,51.16
14.7,64.7,100.0
14.52,58.77,100.0
6.53,76.73,74.55
11.2,78.13,99.5
5.84,92.31,77.47
10.4,74.97,90.06
12.28,80.69,100.0
14.25,78.72,100.0
6.6,56.72,54.3
11.97,82.68,100.0
4.72,92.26,75.93
14.86,62.09,99.78
1.36,81.74,51.79
9.45,81.71,96.51
10.23,62.39,82.35
10.63,60.56,79.35
2.69,99.1,63.59
14.14,72.72,100.0
3.54,65.23,47.22
9.72,62.71,82.11
4.12,85.04,55.09
5.3,82.43,60.5
8.65,83.96,85.33
6.84,58.96,63.57
3.24,95.21,65.54
3.39,72.52,62.6
6.85,69.1,69.34
11.6,75.81,98.9
13.57,72.55,99.26
2.18,93.86,61.66
6.5,96.82,78.29
2.4,68.66,46.7
1.23,93.88,52.56
10.26,90.17,100.0
9.43,96.89,89.06
3.28,66.06,38.02
4.27,80.96,60.78
1.33,67.35,42.68
12.69,92.08,100.0
14.65,55.24,100.0
2.9,80.42,56.88
4.24,70.26,53.52
13.16,69.52,88.92
13.97,84.02,100.0
6.87,93.32,86.17
1.71,82.41,47.79
1.55,93.39,54.6
9.04,66.91,80.74
6.5,78.38,66.61
1.4,75.27,47.76
9.17,55.52,81.78
1.16,80.06,44.96
12.02,84.77,96.86
5.29,81.64,66.94
1.56,88.13,40.76
9.24,80.71,88.22
6.57,58.0,64.1
14.63,60.24,100.0
8.62,81.84,83.04
4.85,67.37,60.0
10.93,58.58,79.65
4.8,74.33,59.39
13.66,79.94,100.0
6.25,69.79,65.15
8.7,87.42,85.67
1.71,83.97,52.02
6.97,69.98,66.7
12.65,88.97,100.0
12.28,84.19,100.0
4.14,83.69,60.89
4.17,79.9,61.18
12.44,55.51,90.17
14.03,86.34,100.0
2.34,71.92,47.03
7.3,97.42,83.46
5.72,91.81,73.62
13.19,81.45,100.0
2.17,66.35,42.22
3.96,64.17,62.02
11.53,70.32,88.27
1.72,76.45,45.42
7.9,68.32,71.7
7.19,78.17,73.8
5.68,62.44,57.97
6.52,99.0,83.51
8.42,59.86,63.47
3.26,96.94,69.95
9.01,96.11,96.26
12.28,78.64,94.49
11.64,87.62,90.68
3.15,74.62,48.2
3.09,83.35,55.91
4.75,70.33,71.84
6.06,68.55,67.27
6.72,81.02,65.06
10.52,77.42,87.84
1.79,81.08,49.24
1.49,67.9,42.65
6.49,71.51,61.62
10.76,58.78,82.51
3.71,57.35,43.63
9.98,66.41,77.59
4.64,58.34,53.66
13.41,59.67,100.0
13.54,91.58,100.0
5.16,56.75,57.06
4.22,84.65,60.94
6.76,67.27,71.0
4.37,94.22,70.49
10.41,76.82,91.15
12.56,68.75,94.14
10.42,78.29,88.78
12.54,72.19,99.17
6.56,80.39,85.19
3.19,60.15,47.53
11.33,99.86,100.0
6.05,74.15,63.15
10.4,70.67,84.87
4.79,86.96,78.31
2.14,71.38,44.38
14.9,92.5,100.0
3.19,75.44,51.78
14.84,87.38,100.0
14.68,59.84,100.0
12.11,93.08,100.0
10.23,88.11,92.01
9.09,64.53,86.0
13.13,61.54,100.0
5.05,69.23,63.83
7.55,98.92,91.14
9.67,66.56,83.93
6.76,75.53,81.64
6.98,56.35,63.32
5.62,72.88,67.44
8.9,80.71,77.6
12.91,97.89,100.0
3.82,78.25,52.23
14.08,91.86,100.0
10.65,79.62,80.28
12.53,56.84,89.04
8.79,69.18,63.55
11.91,80.9,95.86
1.23,97.78,52.57
12.46,93.66,100.0
1.56,65.28,42.43
13.46,64.9,95.58
14.89,64.05,100.0
5.12,96.51,73.93
3.94,93.37,66.6
11.72,89.87,97.5
4.54,72.67,54.1
13.12,77.7,100.0
2.44,75.89,50.38
2.76,66.4,47.41
14.71,77.73,100.0
10.43,56.37,82.28
12.86,60.93,81.21
5.54,94.9,76.46
10.47,88.83,89.52
9.32,74.03,78.78
9.44,78.27,82.3
10.56,71.65,85.29
9.06,88.34,82.57
7.01,90.29,81.2
4.86,89.35,61.93
11.76,87.52,100.0
4.17,64.2,64.13
10.69,70.21,81.92
4.27,76.14,57.98
9.75,69.89,71.1
11.46,88.97,100.0
4.06,69.82,58.43
1.84,61.22,43.41
2.83,72.96,51.03
9.48,99.1,100.0
12.89,65.16,100.0
1.63,82.55,57.98
11.28,74.48,91.02
5.78,58.2,50.73
7.7,76.95,74.94
14.0,86.6,100.0
5.65,78.09,69.54
7.51,94.24,78.79
1.19,68.0,39.59
2.14,58.88,44.34
4.62,97.15,71.17
1.39,72.02,38.23
9.84,80.94,95.54
6.97,90.64,70.77
8.67,69.59,76.53
3.45,87.23,60.63
5.14,61.09,56.34
10.29,68.11,86.42
14.51,61.51,100.0
1.71,91.51,54.1
13.47,65.02,98.0
9.08,87.28,86.99
8.89,97.45,90.14
8.0,78.75,83.33
1.97,79.3,46.28
2.26,75.75,53.4
9.41,69.67,81.99
5.77,76.4,64.46
13.84,82.13,100.0
6.69,99.37,79.51
3.01,97.2,66.82
11.01,93.8,100.0
5.11,95.01,70.06
8.36,76.05,82.45
10.77,84.58,98.87
13.6,95.28,100.0
12.09,72.68,100.0
10.47,98.28,100.0
10.51,73.71,83.79
14.24,82.05,100.0
5.14,86.94,62.16
1.02,97.78,58.71
4.81,66.01,59.2
4.05,88.58,58.67
10.27,78.44,89.93
9.87,67.09,82.51
9.31,89.95,98.04
1.23,79.85,42.5
11.2,84.74,97.08
5.53,69.53,50.73
10.31,76.66,98.56
8.79,82.78,80.0
5.8,73.22,67.24
2.88,63.93,45.88
2.32,98.27,60.26
12.64,78.02,100.0
13.86,88.03,100.0
10.1,73.5,88.49
2.45,70.98,51.01
6.63,73.32,71.45
11.21,73.41,97.82
11.92,79.49,97.02
2.66,79.46,58.38
1.0,77.37,49.24
10.97,61.07,90.79
5.99,77.32,65.32
4.56,62.61,53.28
1.18,60.68,37.44
8.56,96.97,84.45
12.92,82.22,100.0
14.41,84.68,100.0
8.92,73.08,82.56
8.2,95.9,86.08
2.19,83.71,46.17
8.68,89.61,85.21
6.32,71.59,68.49
9.5,98.2,99.97
6.44,91.92,78.98
4.36,93.43,70.27
2.33,62.75,41.34
5.41,67.19,63.12
2.35,67.85,53.11
3.48,67.19,54.5
14.82,93.49,100.0
7.22,56.43,65.77
8.45,58.42,63.93
13.23,67.33,94.59
14.94,63.99,100.0
9.16,65.43,78.45
12.37,90.91,100.0
5.58,80.34,76.44
5.28,55.26,57.66
6.64,74.32,76.64
10.42,73.35,89.23
10.55,60.13,78.78
5.41,85.43,69.49
2.86,86.59,53.6
9.85,87.44,100.0
2.8,87.78,61.83
9.1,55.0,75.6
10.71,97.93,100.0
10.81,91.64,89.76
11.55,95.68,100.0
13.22,55.7,87.4
8.0,97.02,88.47
11.22,91.44,100.0
9.67,92.67,97.99
3.61,59.2,48.8
1.36,88.25,57.65
4.98,98.2,71.01
7.2,85.53,82.33
9.64,80.68,89.35
12.9,97.55,100.0
3.75,74.93,51.61
2.76,81.97,54.02
14.49,76.44,100.0
2.51,96.98,63.37
7.7,58.42,61.87
9.2,77.55,84.06
8.58,85.91,95.94
2.2,90.64,56.9
1.8,81.24,47.97
2.48,95.9,62.79
9.2,97.39,98.5
8.62,57.89,69.77
4.27,73.11,60.43
9.93,56.06,76.03
12.48,69.82,100.0
1.58,79.16,48.34
7.97,95.99,90.27
10.65,93.09,96.0
4.53,60.74,48.92
5.31,59.19,60.86
9.59,81.52,88.32
13.57,78.95,100.0
12.34,66.99,93.66
9.16,95.48,98.05
11.22,96.73,100.0
6.11,73.12,66.42
9.97,95.06,100.0
7.53,72.28,79.64
3.66,88.16,59.76
10.82,76.42,100.0
8.79,60.52,75.78
6.02,96.76,73.27
13.76,75.43,100.0
1.29,88.05,48.58
5.42,71.52,65.04
1.8,55.85,36.69
11.73,59.52,88.79
10.83,77.33,88.25
5.64,86.05,76.17
10.46,70.06,81.55
6.54,86.3,70.32
11.59,86.44,100.0
7.36,86.68,88.15
6.77,77.16,70.68
14.09,96.17,100.0
4.51,77.01,66.44
2.69,75.26,55.14
9.18,63.97,76.35
14.57,68.84,100.0
6.29,56.91,48.86
1.87,83.51,49.78
5.75,66.18,67.73
8.08,68.69,69.14
3.27,89.69,64.68
10.21,69.72,81.18
14.97,65.9,100.0
7.32,62.61,71.46
5.97,89.87,71.47
6.61,60.84,64.32
2.61,75.42,48.69
13.37,77.81,100.0
6.81,85.93,78.18
6.42,83.5,74.14
10.24,91.48,100.0
7.19,57.01,67.76
10.08,68.34,81.09
1.86,67.61,42.67
12.39,61.57,92.37
14.17,68.01,100.0
10.08,68.94,97.51
14.36,78.48,100.0
3.12,84.87,47.85
7.68,72.15,71.78
9.43,87.38,81.15
9.14,70.13,79.14
6.62,68.06,57.2
5.73,79.35,63.98
2.78,56.07,34.31
6.48,58.59,63.64
3.28,73.81,53.29
11.28,97.43,100.0
3.92,87.47,62.83
1.82,58.97,31.61
8.73,93.08,92.78
9.33,87.95,100.0
13.21,82.49,100.0
9.08,91.91,89.22
5.84,73.18,58.64
12.24,64.97,89.15
8.56,78.04,84.11
2.11,79.7,55.76
8.92,79.22,85.53
13.71,80.43,100.0
6.55,97.69,85.13
5.15,95.6,76.08
3.01,94.41,58.95
3.12,91.06,62.0
7.06,97.45,79.78
9.34,59.43,76.5
2.13,66.93,45.76
14.15,77.28,100.0
11.57,93.09,97.86
9.21,77.73,87.34
12.6,88.66,100.0
2.12,61.25,45.03
7.68,66.36,75.72
9.82,87.93,96.01
12.6,62.41,100.0
11.97,70.81,89.81
4.88,66.92,50.92
14.17,70.74,100.0
2.74,86.87,46.34
13.25,71.55,100.0
14.59,79.99,100.0
3.48,59.5,44.98
11.11,91.23,99.3
1.56,71.64,43.28
6.68,84.18,75.73
8.23,87.64,85.6
9.13,64.43,80.65
14.1,94.81,100.0
10.41,82.73,98.14
7.74,74.29,78.07
12.34,63.21,90.24
14.31,97.4,100.0
1.31,88.98,44.24
14.76,64.36,100.0
2.21,70.2,50.96
12.4,91.44,100.0
4.92,86.31,69.32
2.85,89.46,61.7
7.16,74.85,68.91
10.02,87.24,93.34
6.33,72.39,67.08
1.76,64.51,38.31
9.39,83.47,100.0
13.63,98.92,100.0
6.37,68.98,71.34
4.03,75.74,56.05
7.2,85.33,73.21
1.68,79.37,48.58
12.49,92.95,100.0
12.57,89.28,100.0
9.23,57.62,82.78
5.94,99.93,94.41
12.2,88.86,100.0
8.77,93.88,87.45
12.56,84.3,100.0
9.84,93.53,94.64
11.98,60.06,94.57
9.38,70.65,75.74
6.8,94.44,93.05
14.41,64.07,100.0
8.58,58.52,63.72
9.47,90.47,89.04
4.09,92.6,70.81
9.76,62.32,85.84
9.0,93.45,85.37
3.59,85.9,64.46
1.83,78.4,38.64
9.46,92.36,93.04
11.69,73.87,100.0
8.33,63.73,70.75
4.17,67.82,47.25
10.33,77.73,91.25
2.12,78.91,47.04
7.19,91.25,84.7
3.29,90.61,57.31
3.58,81.16,54.63
3.83,90.14,54.12
6.41,63.63,64.73
1.72,57.25,36.4
6.57,94.31,74.06
8.16,58.4,70.99
7.77,66.1,77.02
6.36,86.29,73.86
12.75,73.43,100.0
3.03,94.43,63.76
8.08,68.41,68.58
1.87,55.53,47.39
2.0,68.53,41.89
9.03,81.01,88.96
8.92,71.92,84.43
13.29,79.07,100.0
8.81,94.45,94.31
14.44,96.06,100.0
1.68,66.97,34.8
2.37,75.8,48.1
1.62,79.71,44.88
3.59,97.71,64.52
8.58,99.94,86.34
10.04,65.59,88.62
1.64,87.71,60.06
14.24,72.01,100.0
12.79,55.36,97.99
5.15,55.42,51.75
2.08,75.73,45.08
3.38,76.98,51.49
2.78,56.02,45.11
2.73,85.91,57.72
8.26,68.23,75.03
4.44,80.2,68.78
6.01,68.54,66.37
14.85,62.52,100.0
10.58,73.32,86.16
14.29,65.45,100.0
3.0,79.07,59.72
6.35,63.95,66.48
8.77,77.88,92.25
2.07,62.08,49.59
1.06,85.19,50.1
10.39,88.93,92.2
9.99,59.97,73.36
6.75,76.05,69.84
7.86,58.19,72.14
6.82,81.92,84.17
1.34,66.9,42.22
5.7,78.74,73.69
3.48,78.29,55.31
2.38,96.6,63.3
14.39,79.71,100.0
9.39,81.23,77.67
11.2,73.07,90.48
5.42,97.71,80.68
6.5,89.97,78.88
4.32,67.84,49.52
2.36,92.99,46.13
3.51,74.46,52.93
12.17,92.29,100.0
10.49,92.03,94.02
8.66,63.5,75.75
7.65,86.55,84.06
13.91,68.08,100.0
2.02,68.39,32.51
4.93,68.34,52.24
5.9,87.65,71.8
11.95,65.34,95.3
14.9,55.04,100.0
4.37,87.19,67.8
13.24,62.7,95.64
12.63,59.7,91.36
4.15,65.69,49.93
6.59,72.1,72.84
6.74,76.42,67.28
14.7,57.01,100.0
3.53,98.68,68.04
12.19,87.22,100.0
5.68,69.54,59.88
11.23,69.34,84.05
6.88,75.18,68.75
9.1,83.18,85.43
12.66,61.59,82.23
12.26,63.5,92.06
13.13,93.67,100.0
1.83,66.53,45.28
10.69,72.11,87.02
2.96,94.21,62.14
6.82,84.84,73.75
8.68,70.38,79.33
6.64,85.77,83.78
8.27,55.89,74.16
14.95,88.1,100.0
2.89,76.92,50.46
10.46,91.59,100.0
6.54,97.96,73.27
2.86,96.66,61.38
3.22,95.92,66.99
14.29,78.05,100.0
13.31,71.21,100.0
13.7,75.93,100.0
14.88,86.05,100.0
3.92,94.78,69.66
5.98,64.31,57.27
10.37,96.32,95.78
7.77,91.68,85.02
6.86,99.05,84.68
6.01,94.61,68.22
9.31,67.6,82.64
9.06,59.77,79.04
3.26,60.05,45.94
7.6,68.11,83.95
8.75,82.64,81.65
8.98,91.19,88.71
3.94,95.47,65.47
11.39,83.07,98.11
1.35,55.25,32.75
5.97,63.38,54.5
11.92,59.49,86.63
8.89,71.35,79.66
4.66,77.56,68.2
10.73,56.95,93.13
8.94,70.68,86.74
12.15,63.06,88.39
11.29,84.12,95.03
9.54,75.89,84.86
7.83,77.29,86.74
2.86,74.25,50.62
4.66,98.02,65.67
6.87,64.66,64.16
9.39,78.25,89.86
8.19,88.12,88.47
5.03,80.06,64.2
1.09,96.81,57.27
7.95,72.01,64.38
5.0,75.87,63.45
11.28,58.98,90.22
1.34,82.4,43.71
9.19,67.97,75.74
14.18,62.21,92.68
3.44,79.5,64.91
7.6,78.95,73.89
2.28,58.41,41.81
9.76,86.42,95.03
8.71,83.07,92.63
6.7,63.51,64.5
8.3,76.12,76.86
13.55,87.41,100.0
3.75,78.82,64.57
1.32,72.8,42.13
13.06,69.51,95.29
9.08,82.47,78.93
13.47,97.26,100.0
9.36,85.23,93.72
12.34,58.36,89.29
7.02,75.73,69.9
11.5,95.09,100.0
13.78,59.25,98.96
9.01,99.5,93.6
3.53,97.71,65.14
4.76,58.52,59.82
3.78,97.0,75.1
4.46,71.34,49.9
5.29,93.01,74.59
8.77,73.83,76.89
9.23,74.84,82.34
6.97,83.54,78.17
9.62,89.85,91.94
2.14,56.52,40.12
2.23,81.69,55.36
3.41,63.4,50.2
8.25,70.57,73.32
4.0,70.66,52.16
4.97,76.11,55.69
6.6,70.04,63.77
12.37,59.83,100.0
1.19,61.55,32.79
10.09,56.5,72.74
10.36,76.16,91.5
12.18,97.95,100.0
14.06,60.21,99.42
1.28,97.58,62.25
3.15,88.0,62.51
13.41,83.69,100.0
7.42,84.04,76.99
8.9,92.2,88.11
10.28,59.81,85.69
10.51,77.71,89.85
14.04,86.37,100.0
14.96,81.41,100.0
11.08,92.48,93.96
5.02,58.25,65.15
13.32,86.08,100.0
1.69,79.03,47.15
4.24,72.06,58.5
13.56,70.31,100.0
4.59,82.94,62.95
4.09,95.09,70.1
2.93,77.33,60.96
13.03,92.11,100.0
8.0,73.1,83.95
10.45,59.61,76.81
4.35,57.77,52.21
11.61,57.31,87.49
11.64,72.11,96.01
5.38,70.18,68.85
6.75,87.31,76.3
3.94,88.43,61.86
14.67,57.29,100.0
10.04,64.95,73.78
14.08,67.34,100.0
5.25,79.64,65.39
11.95,61.5,85.88
11.72,61.03,94.41
10.68,97.47,96.84
14.52,91.19,100.0
6.51,63.13,65.58
2.83,73.3,57.57
10.4,71.0,87.47
11.21,90.6,100.0
9.05,77.96,87.74
3.9,60.75,50.47
8.06,88.25,78.99
5.37,72.86,56.11
6.98,66.83,68.87
10.03,71.9,83.4
11.43,77.4,100.0
4.25,70.44,60.21
6.67,65.89,65.39
4.77,72.93,54.52
3.78,55.86,49.39
11.97,89.76,99.63
13.73,62.69,96.2
6.18,56.98,54.51
11.52,84.42,99.11
13.56,89.83,100.0
12.85,91.62,100.0
3.56,77.21,54.18
14.39,64.24,96.43
6.27,88.18,78.22
5.75,86.49,68.09
1.87,66.08,43.0
7.81,95.65,85.09
2.53,59.7,46.67
4.48,99.22,71.22
5.44,93.71,73.75
12.32,85.96,100.0
13.26,97.24,100.0
5.23,87.5,74.37
13.02,63.57,96.45
13.0,74.9,100.0
11.71,58.22,85.01
3.05,72.53,46.79
10.66,88.37,94.74
14.23,72.39,100.0
10.56,69.86,90.98
5.64,81.79,63.75
8.01,94.25,93.83
10.04,57.14,82.53
8.15,72.35,77.02
2.68,62.12,44.46
5.37,86.29,67.2
12.23,59.76,92.4
13.06,84.92,100.0
2.92,67.88,45.03
14.33,63.95,95.98
5.6,97.14,80.1
10.27,55.83,80.9
11.53,74.7,89.38
12.37,55.97,86.16
14.24,76.76,100.0
5.38,77.55,62.06
13.02,69.47,98.21
2.84,60.95,43.36
10.87,71.94,87.07
11.39,85.25,95.77
10.49,90.21,96.4
4.53,78.88,62.94
13.22,81.54,100.0
3.36,64.03,54.63
1.75,67.93,45.26
11.04,62.29,78.41
7.66,66.22,74.01
12.89,65.12,100.0
6.37,78.38,68.85
3.36,80.32,49.46
12.71,97.52,100.0
8.68,63.8,75.29
3.65,83.88,54.57
11.09,91.78,94.06
8.16,80.21,80.45
9.46,66.48,79.37
7.45,66.81,68.58
12.6,56.77,90.98
12.61,68.74,91.93
10.93,88.51,96.74
2.48,57.14,43.61
12.74,64.87,94.4
10.39,86.78,87.0
10.76,90.22,96.54
6.08,75.49,62.8
13.31,86.41,100.0
11.16,72.46,93.6
2.58,62.2,35.69
6.71,72.92,73.8
13.41,81.1,100.0
1.66,97.66,64.93
14.46,58.09,100.0
10.51,77.83,85.23
9.84,69.8,78.39
4.79,77.87,64.62
4.48,56.08,48.5
14.19,69.09,100.0
5.18,91.89,79.89
11.86,79.93,95.75
6.5,75.28,70.46
2.95,67.85,55.77
1.15,68.41,41.31
8.62,72.24,71.18
14.66,92.6,100.0
6.17,98.52,74.29
6.0,74.74,74.41
5.82,72.7,61.32
8.29,93.09,100.0
7.17,74.21,80.29
13.32,79.84,100.0
8.08,65.39,73.18
8.11,88.46,88.54
2.94,78.94,58.07
14.76,91.41,100.0
4.5,90.13,73.83
2.03,64.68,41.86
10.28,87.2,93.19
9.34,91.0,90.44
6.81,70.57,73.64
6.91,62.77,67.76
11.99,55.12,88.97
3.74,75.29,60.32
12.48,70.86,87.59
10.08,79.97,91.95
6.87,63.46,67.15
7.41,93.68,92.25
4.59,66.6,48.62
11.53,65.19,98.03
8.18,76.63,79.59
5.49,77.45,68.63
9.34,64.68,87.44
14.94,67.23,100.0
7.09,62.64,68.79
13.89,87.33,100.0
5.83,89.65,71.56
1.77,75.8,46.59
3.86,87.13,59.29
6.86,88.12,78.14
4.07,61.22,39.31
1.0,98.48,56.4
13.81,91.95,100.0
12.81,64.2,94.49
11.39,63.38,89.75
3.35,60.65,39.91
2.69,61.23,53.69
1.95,88.67,53.55
11.14,76.13,93.02
14.0,90.23,100.0
7.03,88.58,79.55
2.67,82.21,61.38
8.17,85.89,88.99
5.88,55.83,61.6
6.25,69.03,68.48
9.7,83.7,88.55
11.06,55.42,75.77
2.55,56.48,39.98
1.5,93.33,52.98
14.92,85.78,100.0
4.26,66.94,56.31
1.75,85.96,59.81
3.66,90.66,69.61
1.55,68.81,39.85
6.49,56.62,51.76
12.23,96.98,100.0
5.78,70.53,70.95
7.22,59.79,59.16
10.46,77.13,98.4
8.12,89.58,87.32
13.06,64.97,98.59
13.12,67.13,100.0
1.14,65.92,45.38
11.89,99.63,100.0
7.45,63.88,71.56
14.84,80.9,100.0
7.77,96.64,85.14
14.82,61.61,100.0
11.56,98.69,100.0
4.48,97.64,69.56
8.54,94.81,88.26
14.89,64.66,100.0
13.01,83.53,100.0
2.36,89.24,54.82
10.89,99.37,100.0
5.84,63.12,52.64
1.1,89.47,49.66
6.65,70.25,69.02
4.29,62.9,51.33
12.46,73.96,98.44
5.72,90.72,66.05
12.59,75.92,100.0
1.01,79.19,47.87
5.31,99.78,78.91
4.38,72.96,63.56
4.27,82.69,63.7
1.95,71.44,47.88
3.62,72.68,55.22
8.78,86.3,90.48
5.08,97.2,66.11
6.84,79.41,69.45
6.28,89.58,84.1
13.26,59.01,83.52
13.67,64.5,99.92
7.9,77.6,84.17
5.62,55.9,55.59
2.5,66.38,43.64
14.35,78.28,100.0
1.84,55.67,35.29
5.17,66.9,59.44
5.17,78.13,61.51
5.49,80.79,73.37
3.3,96.66,71.95
11.96,84.04,100.0
2.71,73.66,43.47
9.89,96.87,95.26
2.73,90.32,57.91
1.99,64.0,44.47
13.73,60.89,94.06
3.66,85.41,57.17
12.5,80.19,100.0
8.62,90.54,93.09
2.09,88.25,51.47
14.38,83.13,100.0
4.46,99.39,88.4
13.04,79.01,100.0
3.36,60.09,45.53
12.96,92.27,100.0
1.19,66.33,38.47
8.16,89.98,90.15
11.77,98.07,100.0
14.09,86.36,100.0
13.73,81.82,100.0
12.47,75.72,93.0
13.43,71.4,100.0
3.79,70.89,49.68
4.98,83.64,59.91
5.05,88.81,68.57
6.28,85.53,69.35
6.51,63.93,64.24
8.62,77.23,85.17
3.24,90.62,66.48
10.68,76.41,95.66
3.35,79.15,54.78
5.34,89.7,71.82
8.05,84.76,84.65
12.15,73.42,88.67
11.35,95.29,100.0
10.04,62.32,74.06
3.18,99.8,76.0
8.66,60.35,71.44
2.22,55.67,38.03
6.28,95.05,75.09
6.79,66.02,63.81
1.56,87.84,63.08
4.84,91.5,74.63
14.38,93.65,100.0
14.35,99.62,100.0
5.93,68.23,69.74
1.6,86.96,50.09
3.51,60.19,49.17
6.49,73.31,69.03
14.27,93.16,100.0
2.98,71.54,46.67
11.69,81.6,99.98
2.52,77.67,49.3
14.74,84.07,100.0
6.34,98.78,92.06
11.85,57.51,82.11
5.8,80.83,70.5
9.79,93.84,87.15
3.69,76.66,54.78
3.04,58.53,46.6
14.13,80.22,100.0
13.85,69.94,100.0
13.42,61.97,96.76
9.76,93.21,100.0
12.32,78.47,100.0
1.97,97.0,55.4
5.69,91.27,74.45
5.39,86.18,70.97
9.9,55.23,80.2
5.98,74.25,67.11
3.08,63.89,48.29
9.35,95.99,93.53
12.4,62.86,94.01
6.35,67.87,72.17
2.85,78.26,56.62
3.75,66.85,55.7
4.32,64.44,57.46
5.2,81.96,66.2
10.0,59.0,81.09
9.41,57.62,70.45
10.75,71.75,95.95
6.08,87.43,60.18
12.54,79.97,100.0
3.86,74.03,62.01
7.57,80.46,71.24
12.21,71.45,98.79
3.52,97.13,62.77
2.54,57.47,39.58
13.37,85.3,100.0
5.8,95.11,77.55
10.57,91.17,88.29
1.35,63.28,33.53
10.66,68.32,92.34
5.43,87.27,73.01
1.78,58.79,47.04
9.54,91.53,100.0
4.37,87.35,63.82
6.42,87.83,88.51
2.13,59.51,40.52
3.06,87.3,54.14
5.17,85.59,65.49
2.26,92.39,46.2
13.75,56.87,100.0
1.08,56.04,41.42
7.77,71.79,69.69
2.73,61.7,43.34
5.31,80.13,67.08
13.96,96.28,100.0
3.26,72.62,43.85
14.52,93.02,100.0
3.88,55.01,45.31
11.38,62.58,86.26
8.65,56.37,72.57
13.38,69.77,100.0
8.76,95.87,90.2
8.48,59.36,72.95
3.74,82.29,63.46
3.33,75.32,57.07
13.83,97.23,100.0
5.59,60.51,58.69
6.21,64.54,66.05
11.64,56.33,80.71
5.74,74.53,72.3
14.33,67.5,100.0
11.33,94.15,100.0
9.36,82.22,88.9
13.33,82.63,100.0
1.69,78.94,45.21
4.6,59.13,54.97
7.51,75.03,75.88
4.18,99.98,63.54
11.41,92.59,100.0
13.87,95.21,100.0
6.93,92.05,85.38
5.79,59.64,55.41
14.46,65.24,100.0
7.23,55.14,70.57
7.85,68.66,76.04
5.92,59.89,54.16
13.73,76.28,100.0
8.97,85.47,84.57
11.67,94.35,100.0
12.37,88.71,100.0
5.79,97.24,73.33
7.07,57.43,58.24
12.88,55.55,93.57
6.09,84.76,71.9
12.12,68.02,100.0
14.17,66.41,100.0
9.72,69.89,92.64
11.38,67.14,84.63
12.27,78.01,92.5
12.83,74.81,95.96
6.53,78.06,77.63
1.72,85.27,60.01
6.63,72.42,65.43
10.43,66.31,83.01
7.3,62.48,61.92
11.49,70.73,83.73
6.0,88.38,77.77
9.89,89.05,95.07
3.61,85.01,60.61
11.49,65.53,83.22
8.64,81.46,92.13
3.86,80.68,57.11
5.09,76.79,66.5
11.48,79.75,90.0
7.76,77.13,76.39
4.02,80.45,61.8
14.54,87.2,100.0
11.01,59.93,85.8
14.4,88.73,100.0
6.98,61.11,59.8
7.65,58.0,68.24
13.57,98.92,100.0
8.35,98.06,91.94
10.9,57.72,83.73
4.53,74.95,53.76
7.25,63.38,61.37
2.73,76.84,40.99
3.88,92.36,69.69
1.01,97.78,58.09
1.55,83.54,53.74
14.68,70.93,100.0
4.39,82.15,52.37
10.29,69.04,80.82
12.75,95.94,100.0
8.71,94.17,91.31
3.14,80.12,54.67
11.19,69.62,92.62
9.4,68.2,81.18
11.24,56.5,85.04
11.78,91.71,100.0
14.66,75.27,100.0
9.03,69.63,77.81
5.78,76.2,60.36
10.08,91.84,92.46
1.96,60.61,38.35
13.56,93.59,100.0
2.67,95.39,60.84
5.59,97.6,75.82
12.42,72.89,92.3
9.36,64.77,83.12
